sale_id,hcp_id,product_id,units_sold,sale_date,region
S5764300,HCP1004,PROD2,15,2025-01-20,West
S60642983,HCP1145,PROD8,47,2025-03-06,West
S30268353,HCP1265,PROD6,47,2025-06-02,East
S52064621,HCP1137,PROD8,44,2025-04-27,South
S31814971,HCP1294,PROD6,43,2025-02-11,South
S52970992,HCP1205,PROD8,3,2025-05-19,West
S99402251,HCP1127,PROD3,21,2025-02-10,West
S25341929,HCP1057,PROD6,5,2025-05-14,North
S89706063,HCP1221,PROD3,2,2025-06-21,East
S65798947,HCP1295,PROD7,44,2025-04-07,North
S39321395,HCP1045,PROD5,10,2025-04-03,North
S35717511,HCP1097,PROD8,16,2025-02-02,North
S85235617,HCP1101,PROD10,32,2025-06-17,North
S87374870,HCP1171,PROD1,24,2025-02-13,West
S32360497,HCP1258,PROD9,32,2025-05-01,East
S27019639,HCP1043,PROD7,35,2025-03-10,North
S5890749,HCP1250,PROD5,44,2025-02-04,East
S51127494,HCP1085,PROD3,47,2025-03-06,North
S41213314,HCP1203,PROD1,4,2025-05-09,West
S88675821,HCP1095,PROD4,36,2025-02-04,North
S75254952,HCP1106,PROD8,38,2025-04-29,West
S11103955,HCP1141,PROD1,16,2025-03-21,West
S78039705,HCP1174,PROD1,29,2025-05-09,North
S48856084,HCP1181,PROD2,27,2025-04-11,East
S4848533,HCP1164,PROD9,10,2025-01-05,South
S73766129,HCP1263,PROD9,47,2025-01-15,West
S67993179,HCP1281,PROD10,19,2025-02-28,East
S90382835,HCP1243,PROD6,35,2025-06-20,North
S30602099,HCP1060,PROD6,4,2025-02-18,West
S17648308,HCP1159,PROD3,15,2025-06-15,East
S53775033,HCP1243,PROD10,7,2025-03-22,East
S92944385,HCP1019,PROD8,25,2025-03-23,West
S82358397,HCP1084,PROD5,8,2025-02-04,North
S3955890,HCP1199,PROD1,24,2025-03-06,North
S93225617,HCP1018,PROD9,10,2025-05-02,West
S41335099,HCP1055,PROD7,2,2025-05-30,East
S39676424,HCP1240,PROD3,16,2025-05-18,East
S29244202,HCP1247,PROD4,32,2025-05-13,East
S53803401,HCP1297,PROD1,37,2025-02-20,East
S84074034,HCP1097,PROD4,46,2025-04-20,West
S39302073,HCP1047,PROD9,35,2025-03-07,North
S61981475,HCP1265,PROD6,14,2025-01-11,East
S66736355,HCP1048,PROD9,49,2025-05-29,South
S55866893,HCP1185,PROD5,40,2025-01-24,North
S11480389,HCP1088,PROD1,25,2025-04-14,West
S58562564,HCP1198,PROD5,2,2025-02-18,West
S1509932,HCP1096,PROD4,7,2025-04-22,East
S62580948,HCP1238,PROD6,15,2025-04-11,East
S26092588,HCP1125,PROD6,29,2025-03-16,West
S37396368,HCP1243,PROD7,47,2025-04-15,East
S44011083,HCP1022,PROD8,36,2025-01-10,South
S12829390,HCP1207,PROD2,31,2025-03-26,East
S98084516,HCP1048,PROD8,40,2025-06-20,East
S19853230,HCP1119,PROD5,27,2025-03-31,East
S65275542,HCP1105,PROD3,6,2025-06-19,North
S60900925,HCP1195,PROD6,21,2025-02-14,North
S56846957,HCP1203,PROD5,27,2025-04-10,South
S34063064,HCP1061,PROD4,21,2025-04-04,South
S26239832,HCP1047,PROD8,18,2025-01-29,East
S72574790,HCP1090,PROD7,34,2025-04-12,East
S63471109,HCP1150,PROD4,19,2025-05-24,North
S75594264,HCP1154,PROD4,34,2025-03-19,East
S7619679,HCP1052,PROD9,12,2025-04-01,East
S29178759,HCP1295,PROD5,17,2025-01-29,East
S64776900,HCP1002,PROD7,49,2025-06-05,North
S12023983,HCP1037,PROD4,40,2025-03-03,South
S98666306,HCP1018,PROD8,34,2025-05-16,East
S72778715,HCP1121,PROD2,6,2024-12-30,West
S6668243,HCP1092,PROD7,44,2025-04-16,North
S19369049,HCP1121,PROD10,25,2025-05-05,South
S44662907,HCP1006,PROD5,23,2025-01-09,North
S88282650,HCP1258,PROD10,45,2025-06-02,West
S89120218,HCP1024,PROD6,49,2025-04-19,West
S861996,HCP1029,PROD7,14,2025-05-25,West
S69259649,HCP1240,PROD4,33,2025-01-04,East
S9732501,HCP1222,PROD6,19,2025-01-12,North
S70852995,HCP1193,PROD6,12,2025-03-15,West
S13893378,HCP1249,PROD3,37,2025-06-09,North
S86662423,HCP1229,PROD4,17,2025-01-20,East
S19531563,HCP1047,PROD6,44,2025-01-01,North
S17430403,HCP1200,PROD10,45,2025-04-19,South
S72323069,HCP1050,PROD3,45,2025-01-29,South
S61505229,HCP1156,PROD7,41,2025-01-24,North
S84158320,HCP1077,PROD7,14,2025-02-14,West
S2615627,HCP1251,PROD4,28,2025-04-21,South
S70634860,HCP1138,PROD8,29,2025-02-03,East
S28655381,HCP1052,PROD7,47,2025-04-30,West
S39873644,HCP1224,PROD8,2,2025-04-07,East
S76042438,HCP1220,PROD8,34,2025-05-11,South
S57680460,HCP1066,PROD3,40,2025-01-02,South
S26337660,HCP1037,PROD2,40,2025-03-01,North
S1974645,HCP1057,PROD5,28,2025-02-15,West
S37240702,HCP1068,PROD9,47,2025-03-30,North
S67223071,HCP1134,PROD3,30,2025-01-24,East
S96129759,HCP1122,PROD7,1,2025-06-10,West
S20465418,HCP1175,PROD4,25,2025-06-18,East
S37337839,HCP1091,PROD8,10,2025-03-27,West
S77312202,HCP1206,PROD5,5,2025-04-28,North
S91491619,HCP1117,PROD9,32,2025-05-10,South
S59729894,HCP1171,PROD9,3,2025-01-06,East
S36967197,HCP1079,PROD6,19,2025-01-27,North
S7280587,HCP1121,PROD9,24,2024-12-31,North
S60646041,HCP1247,PROD1,15,2025-06-21,North
S5246123,HCP1297,PROD6,23,2025-03-18,West
S95655898,HCP1097,PROD5,28,2025-05-18,East
S93739073,HCP1106,PROD4,29,2025-03-03,South
S25857924,HCP1224,PROD1,16,2025-04-10,East
S13249433,HCP1052,PROD6,28,2025-06-07,South
S4305361,HCP1201,PROD8,11,2025-05-18,South
S9141801,HCP1193,PROD2,26,2024-12-27,East
S33511501,HCP1114,PROD4,18,2025-04-24,South
S41360973,HCP1017,PROD3,6,2025-04-26,West
S90221187,HCP1067,PROD3,29,2025-03-05,West
S10425035,HCP1143,PROD1,28,2025-02-08,North
S52846543,HCP1205,PROD6,2,2025-05-23,West
S15646784,HCP1247,PROD5,25,2025-06-17,South
S11079329,HCP1220,PROD9,45,2025-01-13,South
S32470074,HCP1035,PROD4,3,2025-02-08,North
S21158172,HCP1080,PROD9,7,2025-01-21,West
S88745495,HCP1225,PROD2,9,2025-05-20,East
S44788278,HCP1236,PROD4,7,2025-06-21,South
S16237428,HCP1118,PROD8,26,2025-05-25,West
S25240028,HCP1177,PROD3,45,2025-06-07,West
S4245627,HCP1165,PROD9,13,2024-12-26,West
S7522176,HCP1279,PROD8,25,2025-02-28,East
S59330231,HCP1217,PROD2,1,2025-01-12,South
S47020028,HCP1089,PROD4,33,2025-05-11,West
S60505806,HCP1073,PROD7,23,2025-01-04,North
S14125285,HCP1063,PROD1,4,2025-03-09,West
S15287161,HCP1284,PROD8,23,2025-05-10,South
S77623378,HCP1059,PROD3,8,2025-02-04,West
S40784370,HCP1280,PROD7,47,2025-05-18,West
S76862108,HCP1000,PROD9,30,2025-01-06,East
S32124108,HCP1028,PROD3,9,2025-02-11,West
S52794639,HCP1136,PROD10,27,2025-01-01,East
S66150492,HCP1152,PROD7,3,2025-05-10,South
S45833832,HCP1224,PROD7,28,2025-06-06,East
S53182101,HCP1252,PROD7,44,2025-06-16,West
S78436547,HCP1279,PROD4,24,2025-03-18,South
S73824756,HCP1015,PROD5,39,2025-03-04,North
S77562193,HCP1172,PROD10,11,2025-01-26,North
S91639498,HCP1097,PROD6,19,2025-01-24,East
S9245630,HCP1283,PROD4,46,2025-01-16,East
S73558193,HCP1008,PROD2,43,2025-01-20,East
S7534495,HCP1063,PROD7,39,2025-05-21,West
S18531537,HCP1120,PROD2,22,2025-02-05,North
S11003024,HCP1039,PROD5,10,2025-03-11,North
S89398938,HCP1276,PROD10,38,2025-02-02,South
S47060813,HCP1116,PROD5,39,2025-01-03,North
S15335995,HCP1012,PROD4,6,2025-03-06,South
S15388957,HCP1034,PROD10,31,2025-01-02,North
S42384573,HCP1068,PROD4,25,2025-02-19,West
S92216939,HCP1282,PROD3,31,2025-04-22,South
S92769945,HCP1009,PROD8,23,2025-03-28,South
S95023245,HCP1040,PROD8,3,2025-05-01,West
S99614442,HCP1111,PROD6,24,2025-04-20,South
S12408167,HCP1063,PROD2,28,2025-05-05,East
S97614385,HCP1078,PROD6,16,2025-05-12,East
S75631770,HCP1148,PROD1,16,2025-06-10,South
S89671711,HCP1276,PROD4,6,2025-06-09,South
S31691475,HCP1253,PROD1,46,2025-04-13,West
S2812643,HCP1197,PROD10,48,2025-02-06,South
S42387840,HCP1067,PROD4,4,2024-12-28,East
S3931561,HCP1036,PROD3,42,2025-01-05,North
S10288394,HCP1167,PROD8,49,2025-06-09,East
S68818619,HCP1252,PROD1,48,2025-03-19,East
S67108131,HCP1013,PROD7,26,2025-03-14,West
S74710118,HCP1077,PROD7,49,2025-05-28,North
S29803383,HCP1041,PROD7,41,2025-02-15,West
S47016554,HCP1169,PROD5,27,2025-05-01,East
S1646137,HCP1026,PROD1,28,2025-06-10,East
S79304378,HCP1169,PROD1,3,2025-05-18,East
S24783196,HCP1073,PROD4,19,2025-05-07,South
S78649615,HCP1072,PROD7,13,2025-01-01,East
S38774810,HCP1027,PROD6,32,2025-04-18,South
S8950496,HCP1123,PROD5,30,2025-04-13,East
S89214280,HCP1157,PROD8,19,2025-03-21,North
S38602472,HCP1076,PROD9,50,2025-05-23,North
S35971106,HCP1093,PROD8,34,2025-04-06,West
S94005695,HCP1173,PROD5,37,2025-04-10,North
S36903635,HCP1145,PROD4,25,2025-04-30,West
S3254237,HCP1199,PROD7,33,2025-03-20,South
S42617007,HCP1077,PROD10,12,2025-06-04,East
S82659191,HCP1010,PROD6,39,2025-04-24,East
S317411,HCP1137,PROD3,25,2025-01-08,South
S6887999,HCP1140,PROD5,50,2025-04-12,West
S31052034,HCP1156,PROD7,22,2025-01-27,South
S54891160,HCP1243,PROD8,17,2025-06-07,North
S69971659,HCP1251,PROD8,36,2025-03-29,North
S30611832,HCP1097,PROD4,24,2025-01-27,East
S96639507,HCP1011,PROD4,17,2025-06-05,North
S97584146,HCP1038,PROD10,12,2025-04-17,North
S19576981,HCP1121,PROD3,41,2025-06-18,West
S57663097,HCP1204,PROD5,35,2025-04-21,West
S20848682,HCP1281,PROD5,28,2025-01-11,West
S79098827,HCP1033,PROD7,2,2025-04-13,South
S3282900,HCP1241,PROD1,37,2025-04-06,West
S95814828,HCP1139,PROD1,48,2025-05-08,South
S37837711,HCP1029,PROD4,16,2025-02-10,West
S74418287,HCP1208,PROD7,29,2024-12-23,East
S24882994,HCP1293,PROD3,44,2025-01-03,North
S27103300,HCP1116,PROD6,3,2025-02-12,East
S87909818,HCP1171,PROD9,23,2025-06-14,South
S20548688,HCP1277,PROD8,20,2025-06-19,South
S11169132,HCP1250,PROD9,28,2025-06-01,East
S5687577,HCP1220,PROD9,21,2025-03-10,North
S75614602,HCP1025,PROD2,8,2025-03-23,North
S62414135,HCP1243,PROD2,44,2025-03-07,West
S60584958,HCP1290,PROD8,44,2025-02-01,South
S18756667,HCP1168,PROD7,27,2025-04-14,South
S6166053,HCP1115,PROD6,3,2025-04-13,South
S16453196,HCP1030,PROD2,47,2025-05-28,West
S9927152,HCP1257,PROD7,36,2025-03-10,West
S67464943,HCP1025,PROD5,14,2025-03-13,North
S37868614,HCP1114,PROD8,36,2025-04-30,West
S14487855,HCP1017,PROD8,27,2025-01-13,East
S70318457,HCP1183,PROD9,28,2025-01-25,West
S55923005,HCP1075,PROD7,8,2025-06-05,West
S47152439,HCP1220,PROD8,50,2025-04-28,West
S55522586,HCP1081,PROD5,11,2025-01-05,East
S67260782,HCP1144,PROD9,10,2025-02-10,South
S16932833,HCP1074,PROD1,47,2024-12-29,North
S43710205,HCP1160,PROD4,16,2025-03-13,East
S6020353,HCP1031,PROD3,21,2025-05-31,West
S64573630,HCP1017,PROD9,16,2025-05-29,North
S66011141,HCP1132,PROD4,44,2025-05-10,North
S86332431,HCP1100,PROD3,29,2025-04-18,North
S58699029,HCP1223,PROD1,1,2025-04-28,East
S17592918,HCP1193,PROD2,23,2025-03-11,North
S62510759,HCP1276,PROD10,20,2025-05-15,East
S28625020,HCP1159,PROD10,18,2025-05-05,East
S64281639,HCP1234,PROD9,45,2025-04-05,East
S6181683,HCP1096,PROD9,45,2025-04-17,South
S22243865,HCP1298,PROD2,14,2025-06-17,West
S86208279,HCP1206,PROD6,20,2025-03-18,West
S84831771,HCP1297,PROD10,12,2025-06-05,South
S5533778,HCP1273,PROD4,15,2025-05-27,North
S16701452,HCP1060,PROD2,37,2025-03-07,East
S7158586,HCP1293,PROD2,5,2025-02-01,North
S83525001,HCP1013,PROD10,25,2025-05-19,South
S99159138,HCP1272,PROD2,22,2024-12-30,West
S75267742,HCP1122,PROD6,27,2025-01-19,North
S97128946,HCP1133,PROD10,47,2025-03-25,East
S85884927,HCP1013,PROD9,38,2025-02-05,West
S3628957,HCP1209,PROD8,4,2025-05-26,West
S47661742,HCP1213,PROD4,24,2025-06-03,North
S71049100,HCP1009,PROD6,1,2025-03-02,West
S76629143,HCP1259,PROD10,36,2025-03-26,North
S59121580,HCP1157,PROD7,8,2025-05-24,West
S49109706,HCP1092,PROD9,40,2025-01-26,North
S34300279,HCP1102,PROD4,32,2025-03-10,North
S91365036,HCP1255,PROD10,16,2024-12-29,North
S52778443,HCP1061,PROD6,50,2025-04-11,West
S67039673,HCP1027,PROD2,2,2025-02-04,South
S40854562,HCP1142,PROD2,15,2025-05-31,West
S94633396,HCP1008,PROD2,12,2025-05-14,West
S48744831,HCP1020,PROD3,5,2025-04-15,South
S98426863,HCP1281,PROD1,49,2025-06-13,South
S36152760,HCP1295,PROD10,39,2025-05-28,East
S52210028,HCP1144,PROD5,9,2025-05-27,East
S69196109,HCP1169,PROD4,34,2025-06-05,West
S27948949,HCP1174,PROD5,18,2025-05-19,West
S43517355,HCP1016,PROD5,3,2025-05-12,East
S49669090,HCP1222,PROD4,44,2025-01-30,East
S31644451,HCP1264,PROD4,21,2025-02-19,East
S14018988,HCP1101,PROD4,28,2025-04-04,North
S54697803,HCP1027,PROD3,43,2025-02-26,South
S78966169,HCP1090,PROD7,39,2025-03-31,South
S40083841,HCP1044,PROD6,43,2025-01-03,North
S31991067,HCP1228,PROD5,2,2025-04-28,North
S50295876,HCP1054,PROD9,7,2025-05-10,North
S18066581,HCP1157,PROD1,35,2025-02-17,North
S50919733,HCP1290,PROD4,27,2025-01-12,East
S38093721,HCP1001,PROD10,47,2024-12-27,North
S55604703,HCP1132,PROD3,20,2025-05-01,West
S51492056,HCP1052,PROD5,9,2024-12-25,West
S56064129,HCP1270,PROD7,22,2025-01-16,West
S89387465,HCP1146,PROD1,48,2025-01-16,East
S39611735,HCP1092,PROD9,49,2025-02-25,West
S57580997,HCP1024,PROD4,29,2025-04-06,West
S29592012,HCP1128,PROD4,8,2025-01-28,North
S94305040,HCP1135,PROD8,2,2025-02-03,East
S78465894,HCP1083,PROD9,14,2025-04-19,West
S5030976,HCP1252,PROD2,39,2025-06-08,North
S22625029,HCP1119,PROD7,43,2025-03-18,East
S46057626,HCP1090,PROD3,19,2025-02-16,North
S73342702,HCP1144,PROD3,4,2025-02-13,North
S29326997,HCP1137,PROD7,49,2025-06-03,South
S75394162,HCP1216,PROD4,17,2025-05-04,East
S8261704,HCP1290,PROD3,41,2025-06-03,East
S97687256,HCP1211,PROD6,42,2025-06-04,North
S12629696,HCP1282,PROD4,16,2025-06-13,East
S38262289,HCP1048,PROD7,31,2025-02-12,South
S94416432,HCP1019,PROD2,24,2025-01-23,West
S55053429,HCP1021,PROD2,10,2025-01-11,East
S47511079,HCP1137,PROD10,6,2025-03-14,East
S13406727,HCP1270,PROD7,43,2025-06-04,South
S30970191,HCP1044,PROD1,13,2025-01-28,East
S20340643,HCP1176,PROD1,38,2025-03-14,South
S63730094,HCP1014,PROD10,38,2025-05-21,North
S16577743,HCP1188,PROD6,17,2025-03-10,South
S48717145,HCP1208,PROD9,8,2025-03-21,West
S14634831,HCP1166,PROD3,19,2025-02-08,East
S10967705,HCP1252,PROD8,30,2025-03-02,North
S64629712,HCP1120,PROD1,22,2025-05-26,South
S94239189,HCP1257,PROD10,9,2025-03-17,West
S16273828,HCP1283,PROD9,37,2025-02-08,East
S47356292,HCP1234,PROD9,25,2025-05-10,East
S47426811,HCP1103,PROD1,33,2025-04-04,South
S97361079,HCP1004,PROD5,6,2025-05-17,East
S59759888,HCP1286,PROD2,29,2025-04-30,West
S31962312,HCP1233,PROD1,35,2025-06-06,North
S84606138,HCP1157,PROD6,39,2025-03-23,South
S37214771,HCP1249,PROD9,50,2025-03-05,West
S56525059,HCP1031,PROD7,9,2025-06-22,West
S50705095,HCP1299,PROD1,4,2025-06-20,East
S46380091,HCP1131,PROD10,12,2025-02-20,South
S75149885,HCP1126,PROD10,21,2025-04-18,North
S43247992,HCP1172,PROD8,24,2025-03-30,North
S40488890,HCP1140,PROD1,13,2025-01-10,East
S81939646,HCP1146,PROD4,1,2025-01-20,East
S59407207,HCP1287,PROD8,19,2025-05-08,West
S25592298,HCP1223,PROD10,42,2025-01-19,West
S14332981,HCP1261,PROD6,13,2025-05-25,South
S38646963,HCP1160,PROD5,50,2025-05-10,East
S23529174,HCP1092,PROD2,38,2025-04-04,North
S75629128,HCP1251,PROD3,21,2025-03-11,East
S89134407,HCP1153,PROD3,44,2025-04-22,North
S61499381,HCP1201,PROD5,44,2025-03-28,South
S79133882,HCP1026,PROD5,42,2025-01-27,East
S26018653,HCP1221,PROD5,8,2025-03-31,West
S8583125,HCP1274,PROD4,20,2025-04-15,West
S66059017,HCP1205,PROD8,11,2025-02-16,South
S65926611,HCP1203,PROD6,8,2025-06-17,North
S16934635,HCP1123,PROD5,39,2025-04-19,North
S71579451,HCP1252,PROD10,14,2025-06-09,North
S51002369,HCP1173,PROD9,22,2025-05-07,East
S58853524,HCP1133,PROD7,6,2025-04-22,North
S39513244,HCP1298,PROD3,47,2025-02-08,East
S23336848,HCP1170,PROD7,47,2025-04-21,West
S3295632,HCP1086,PROD2,43,2025-03-17,North
S60960239,HCP1160,PROD5,48,2025-05-30,West
S18282524,HCP1128,PROD3,4,2025-05-12,North
S58446936,HCP1156,PROD8,22,2025-02-05,West
S31801513,HCP1177,PROD3,32,2025-01-17,West
S30391918,HCP1268,PROD4,13,2025-05-05,East
S52868128,HCP1227,PROD3,48,2025-01-28,South
S23583768,HCP1282,PROD7,10,2025-06-11,South
S46217889,HCP1054,PROD6,9,2025-03-16,East
S6249151,HCP1174,PROD1,33,2025-06-14,North
S23447269,HCP1070,PROD3,1,2025-03-16,West
S29376779,HCP1122,PROD5,47,2025-06-17,North
S72801531,HCP1079,PROD9,6,2025-01-25,West
S41457193,HCP1050,PROD3,8,2025-06-17,East
S47529382,HCP1159,PROD8,31,2025-06-01,North
S1201968,HCP1258,PROD8,15,2025-02-10,East
S19443615,HCP1095,PROD10,1,2025-05-20,East
S55318463,HCP1197,PROD1,16,2025-02-13,West
S94290624,HCP1144,PROD7,13,2025-05-31,East
S51700170,HCP1164,PROD2,41,2025-04-03,West
S26988586,HCP1193,PROD9,35,2024-12-25,North
S33767974,HCP1079,PROD7,37,2025-01-12,West
S91883884,HCP1267,PROD5,10,2025-04-11,South
S65822379,HCP1181,PROD3,6,2025-04-18,East
S30150803,HCP1112,PROD8,4,2025-02-23,South
S61034426,HCP1120,PROD10,45,2025-04-21,West
S65286651,HCP1036,PROD1,39,2025-02-24,West
S95066387,HCP1256,PROD6,26,2025-04-30,East
S45018172,HCP1159,PROD10,3,2025-06-12,West
S49237464,HCP1266,PROD5,29,2025-06-16,North
S88775999,HCP1105,PROD8,18,2025-04-03,East
S85994144,HCP1276,PROD4,35,2025-02-23,East
S70471347,HCP1227,PROD10,35,2025-06-21,North
S52349871,HCP1293,PROD6,23,2024-12-28,East
S6209850,HCP1241,PROD6,9,2025-03-06,South
S94549953,HCP1090,PROD1,34,2025-01-30,East
S97465821,HCP1210,PROD8,44,2025-05-30,West
S52014022,HCP1055,PROD8,37,2025-01-23,East
S51259079,HCP1080,PROD7,22,2025-01-14,West
S7503697,HCP1244,PROD3,21,2025-02-12,West
S36216368,HCP1197,PROD7,16,2025-03-29,South
S69566446,HCP1184,PROD9,24,2024-12-26,West
S78015979,HCP1268,PROD10,39,2025-01-28,East
S41796192,HCP1024,PROD8,35,2025-04-22,North
S50934831,HCP1149,PROD5,42,2025-04-02,East
S57171500,HCP1050,PROD10,19,2025-05-18,South
S63908663,HCP1080,PROD6,5,2025-02-15,East
S2527058,HCP1284,PROD8,9,2025-06-02,North
S83457189,HCP1080,PROD10,27,2025-03-19,South
S8273232,HCP1043,PROD9,38,2025-02-09,North
S28401048,HCP1129,PROD10,16,2025-02-11,North
S69561990,HCP1201,PROD4,31,2025-04-04,North
S21120972,HCP1125,PROD8,28,2025-01-27,South
S82369622,HCP1277,PROD3,43,2025-05-19,South
S81134322,HCP1255,PROD6,14,2025-05-31,East
S57951130,HCP1260,PROD7,36,2025-02-28,East
S1551561,HCP1076,PROD7,40,2025-05-18,South
S2842145,HCP1240,PROD4,5,2025-04-25,East
S90532547,HCP1273,PROD1,21,2025-05-29,South
S2827232,HCP1070,PROD10,39,2025-06-05,East
S19330436,HCP1230,PROD7,28,2025-01-28,West
S11817806,HCP1026,PROD4,18,2025-04-11,West
S18732458,HCP1293,PROD2,1,2025-04-15,North
S57327241,HCP1219,PROD1,13,2025-05-19,North
S82070258,HCP1174,PROD3,10,2025-03-22,East
S10655950,HCP1235,PROD7,11,2025-03-05,West
S49502327,HCP1037,PROD4,10,2025-04-11,West
S9136811,HCP1084,PROD4,42,2025-01-28,South
S29510677,HCP1257,PROD6,27,2025-01-31,North
S24890569,HCP1113,PROD9,46,2025-05-06,East
S98617847,HCP1261,PROD5,44,2025-05-28,West
S86214000,HCP1063,PROD9,2,2025-03-06,East
S17175744,HCP1188,PROD10,11,2025-01-29,North
S99239897,HCP1263,PROD8,33,2025-01-07,East
S34553848,HCP1283,PROD3,23,2025-04-26,East
S5528616,HCP1282,PROD6,11,2025-04-29,South
S58758104,HCP1123,PROD4,17,2025-01-27,North
S35796224,HCP1115,PROD9,43,2025-06-08,East
S89490713,HCP1204,PROD3,9,2025-03-04,West
S63728967,HCP1132,PROD6,22,2025-06-07,East
S85974485,HCP1221,PROD10,44,2025-05-25,South
S92813546,HCP1051,PROD5,43,2025-03-29,East
S60641482,HCP1155,PROD7,2,2025-06-10,East
S70692946,HCP1299,PROD5,2,2025-05-10,South
S1985459,HCP1235,PROD5,8,2025-01-09,East
S7649772,HCP1077,PROD5,2,2025-04-23,East
S92132468,HCP1142,PROD3,5,2025-06-03,West
S12283975,HCP1265,PROD1,49,2025-02-17,West
S70524363,HCP1163,PROD7,31,2025-04-02,South
S92118923,HCP1284,PROD1,16,2025-06-22,North
S15722338,HCP1096,PROD6,28,2025-03-21,North
S15497551,HCP1186,PROD9,29,2025-03-19,West
S4333137,HCP1013,PROD10,33,2025-03-10,North
S35415298,HCP1112,PROD7,9,2025-01-20,East
S72982712,HCP1172,PROD10,3,2025-05-29,East
S87817601,HCP1149,PROD10,46,2025-06-13,South
S55150419,HCP1259,PROD5,30,2025-06-13,South
S43403322,HCP1009,PROD5,18,2025-03-06,North
S98654832,HCP1073,PROD8,17,2025-04-21,East
S84735035,HCP1233,PROD4,47,2025-05-17,South
S19795018,HCP1063,PROD4,4,2025-06-06,West
S15690380,HCP1258,PROD3,32,2025-04-26,East
S50517342,HCP1112,PROD10,12,2025-05-01,South
S27920130,HCP1118,PROD8,32,2025-01-03,East
S60033846,HCP1158,PROD3,24,2025-02-19,West
S98806623,HCP1290,PROD8,33,2025-03-28,West
S1871331,HCP1111,PROD1,38,2025-05-21,North
S491316,HCP1256,PROD7,41,2025-04-13,South
S19532280,HCP1098,PROD2,35,2025-04-11,West
S68943345,HCP1049,PROD8,41,2025-03-27,West
S80132862,HCP1208,PROD10,1,2025-02-08,West
S62974595,HCP1201,PROD7,9,2025-03-16,North
S95443013,HCP1246,PROD2,3,2025-04-23,West
S71738053,HCP1061,PROD4,48,2025-05-20,South
S84849525,HCP1214,PROD5,29,2025-04-10,North
S56165875,HCP1124,PROD8,29,2025-06-21,East
S42887836,HCP1015,PROD7,1,2025-03-02,East
S49739109,HCP1225,PROD6,1,2025-04-26,East
S78051827,HCP1270,PROD7,44,2025-01-15,North
S43364397,HCP1260,PROD2,44,2025-06-08,West
S31137065,HCP1096,PROD1,30,2025-04-16,North
S51930937,HCP1024,PROD4,3,2025-04-04,West
S85760407,HCP1181,PROD7,48,2025-03-31,West
S49089249,HCP1114,PROD5,47,2025-03-02,North
S19297076,HCP1116,PROD3,45,2024-12-31,East
S12321052,HCP1079,PROD8,47,2025-05-20,West
S80838885,HCP1117,PROD2,20,2025-02-24,East
S4246153,HCP1071,PROD7,49,2025-03-09,East
S85855048,HCP1291,PROD2,21,2025-02-28,North
S27869691,HCP1034,PROD1,1,2025-02-16,East
S75518938,HCP1008,PROD4,36,2025-06-08,West
S59816450,HCP1096,PROD3,7,2025-01-25,North
S18072010,HCP1052,PROD4,29,2025-01-21,West
S95840051,HCP1258,PROD7,8,2025-06-15,East
S33833723,HCP1086,PROD7,4,2024-12-23,North
S83233461,HCP1143,PROD7,42,2025-01-11,South
S73714230,HCP1067,PROD10,41,2025-03-13,West
S50339492,HCP1222,PROD8,32,2025-05-26,South
S44487446,HCP1045,PROD2,4,2025-01-04,East
S44122854,HCP1032,PROD3,31,2025-02-01,North
S4049036,HCP1065,PROD8,28,2025-03-06,West
S51285384,HCP1029,PROD5,12,2025-06-06,North
S8715802,HCP1262,PROD8,5,2024-12-24,West
S32781547,HCP1021,PROD2,33,2025-05-09,East
S18362683,HCP1007,PROD5,15,2025-05-07,West
S5946702,HCP1062,PROD3,29,2025-02-19,South
S15362846,HCP1227,PROD7,8,2025-03-19,South
S10307674,HCP1207,PROD2,30,2025-04-08,East
S1417255,HCP1230,PROD6,50,2025-04-29,West
S68469661,HCP1151,PROD6,40,2025-04-05,East
S32387063,HCP1105,PROD5,3,2025-05-23,West
S63819070,HCP1261,PROD3,20,2025-04-10,South
S9187524,HCP1171,PROD10,15,2025-02-19,North
S16342564,HCP1296,PROD7,22,2025-03-18,West
S81362116,HCP1049,PROD2,18,2025-03-16,East
S85231750,HCP1075,PROD7,44,2025-06-02,North
S63810876,HCP1173,PROD10,33,2025-03-08,East
S39405137,HCP1115,PROD7,9,2025-01-04,East
S89444881,HCP1259,PROD5,50,2025-03-14,East
S8826036,HCP1199,PROD2,11,2025-01-10,East
S6563521,HCP1195,PROD6,48,2025-04-07,East
S12130213,HCP1061,PROD1,1,2025-03-29,West
S66754113,HCP1132,PROD5,36,2025-06-22,North
S92871246,HCP1101,PROD9,33,2025-03-28,West
S40796897,HCP1224,PROD2,16,2025-05-14,North
S51276813,HCP1047,PROD2,33,2025-05-05,North
S74994483,HCP1097,PROD6,41,2025-01-24,South
S51736878,HCP1067,PROD1,6,2025-05-16,South
S96168382,HCP1204,PROD8,11,2025-01-17,West
S31705545,HCP1011,PROD9,46,2025-02-28,South
S51182012,HCP1113,PROD6,7,2025-03-30,South
S44312062,HCP1103,PROD8,12,2025-01-07,North
S81113082,HCP1009,PROD1,46,2025-03-20,North
S11789305,HCP1154,PROD7,47,2025-01-19,East
S38676350,HCP1065,PROD3,27,2025-03-10,East
S33403906,HCP1258,PROD7,28,2025-01-29,East
S54056213,HCP1191,PROD4,36,2025-02-08,North
S41937962,HCP1217,PROD4,10,2025-04-13,South
S5571478,HCP1234,PROD10,47,2025-03-06,East
S99929711,HCP1204,PROD10,45,2025-06-19,West
S63201975,HCP1054,PROD3,2,2025-04-21,East
S61076283,HCP1112,PROD4,23,2025-01-31,West
S61910665,HCP1056,PROD5,32,2025-04-06,East
S61114124,HCP1077,PROD3,47,2024-12-27,East
S83605036,HCP1029,PROD3,11,2025-01-17,North
S9677350,HCP1241,PROD10,16,2025-06-07,North
S59567173,HCP1116,PROD6,11,2025-01-23,West
S62131138,HCP1205,PROD3,35,2025-02-03,East
S14091615,HCP1062,PROD8,6,2025-01-22,North
S39714747,HCP1117,PROD1,13,2025-01-16,East
S41819677,HCP1269,PROD9,23,2025-05-06,South
S60777267,HCP1179,PROD1,49,2025-05-01,North
S41375489,HCP1059,PROD10,27,2025-02-14,South
S29693906,HCP1179,PROD10,41,2025-02-04,North
S36862430,HCP1084,PROD1,7,2025-03-01,South
S1619059,HCP1022,PROD7,15,2025-06-05,West
S30142714,HCP1149,PROD7,43,2025-06-08,South
S18394937,HCP1164,PROD4,22,2025-04-08,West
S24660138,HCP1001,PROD8,28,2025-03-11,West
S26311330,HCP1272,PROD6,37,2025-05-09,South
S63689675,HCP1180,PROD10,35,2025-02-13,West
S51372306,HCP1239,PROD2,45,2025-06-05,West
S11989830,HCP1064,PROD6,39,2024-12-25,South
S79278544,HCP1198,PROD4,49,2025-01-06,West
S39490577,HCP1196,PROD5,24,2025-04-24,North
S52095402,HCP1129,PROD6,7,2025-04-23,West
S53108216,HCP1078,PROD10,27,2025-05-07,West
S88188070,HCP1169,PROD1,40,2025-01-08,West
S66587164,HCP1179,PROD5,13,2025-05-29,West
S77802571,HCP1128,PROD9,11,2025-01-02,East
S77191073,HCP1237,PROD8,28,2025-02-16,North
S68781751,HCP1047,PROD3,22,2025-05-06,West
S74248482,HCP1263,PROD5,28,2025-03-16,North
S14609142,HCP1298,PROD6,16,2025-01-21,South
S57147487,HCP1014,PROD7,40,2025-04-30,East
S64765478,HCP1034,PROD8,8,2025-03-01,West
S15653934,HCP1163,PROD4,42,2025-06-06,South
S30678188,HCP1055,PROD4,19,2025-05-07,South
S17800600,HCP1014,PROD7,22,2025-04-08,West
S18153784,HCP1291,PROD7,10,2025-03-17,East
S49776162,HCP1002,PROD6,6,2025-02-16,East
S55990861,HCP1235,PROD10,48,2025-05-05,South
S93682181,HCP1275,PROD7,14,2025-02-21,West
S56952555,HCP1139,PROD8,39,2025-05-07,South
S51228687,HCP1230,PROD3,3,2025-02-02,North
S32442029,HCP1234,PROD2,21,2025-05-01,South
S7654494,HCP1248,PROD8,13,2025-06-17,East
S73090824,HCP1139,PROD4,47,2025-04-03,East
S20005128,HCP1054,PROD10,1,2025-01-06,North
S48733993,HCP1067,PROD2,23,2024-12-22,East
S50431867,HCP1087,PROD5,1,2025-05-27,South
S33506747,HCP1137,PROD1,35,2025-04-23,South
S76089739,HCP1227,PROD6,6,2025-03-18,East
S7579121,HCP1125,PROD9,39,2025-05-30,East
S69822237,HCP1252,PROD3,22,2025-01-14,East
S97939207,HCP1079,PROD5,50,2025-01-16,West
S69431236,HCP1187,PROD1,7,2024-12-27,North
S65705629,HCP1286,PROD10,36,2025-01-22,North
S46795912,HCP1078,PROD7,12,2025-03-24,South
S5226655,HCP1021,PROD9,49,2025-02-27,East
S82533843,HCP1124,PROD7,18,2025-04-16,West
S99761078,HCP1190,PROD5,30,2025-03-23,South
S74310158,HCP1295,PROD8,14,2024-12-31,West
S93286177,HCP1114,PROD9,37,2025-02-17,East
S839516,HCP1106,PROD7,2,2025-04-16,South
S50000316,HCP1099,PROD6,5,2025-04-13,West
S84563982,HCP1084,PROD8,47,2025-04-24,East
S63502922,HCP1256,PROD1,11,2025-06-17,South
S48562054,HCP1079,PROD7,35,2025-04-20,West
S94828051,HCP1116,PROD8,35,2025-05-12,West
S41445275,HCP1169,PROD4,18,2025-01-01,North
S62550969,HCP1208,PROD1,12,2025-02-22,North
S76175327,HCP1244,PROD4,37,2025-06-17,West
S75465527,HCP1074,PROD10,18,2025-05-01,North
S11753736,HCP1276,PROD8,38,2024-12-31,North
S47294251,HCP1082,PROD5,17,2025-06-20,North
S18846576,HCP1016,PROD2,32,2025-01-22,South
S34303562,HCP1154,PROD3,38,2025-02-26,West
S55542868,HCP1187,PROD5,8,2025-04-16,West
S18163313,HCP1155,PROD6,6,2025-05-02,East
S79577327,HCP1045,PROD5,20,2025-03-02,West
S35661054,HCP1005,PROD6,48,2025-02-14,West
S13433979,HCP1052,PROD8,18,2025-02-12,North
S97118646,HCP1163,PROD7,13,2025-05-21,East
S46912882,HCP1096,PROD4,31,2025-05-20,North
S35109753,HCP1138,PROD3,21,2024-12-26,South
S95725716,HCP1219,PROD4,30,2025-04-21,North
S45442205,HCP1061,PROD6,26,2025-06-19,South
S11404923,HCP1093,PROD6,8,2025-04-28,West
S38514194,HCP1231,PROD10,49,2025-01-07,North
S67328513,HCP1148,PROD8,39,2025-06-15,East
S85154178,HCP1175,PROD6,19,2025-03-16,North
S15010990,HCP1268,PROD4,6,2025-03-31,East
S54321399,HCP1122,PROD10,21,2025-01-01,East
S1882977,HCP1208,PROD3,19,2025-01-20,West
S91010259,HCP1160,PROD3,23,2025-04-23,South
S56141495,HCP1229,PROD9,41,2025-03-18,South
S13351601,HCP1138,PROD6,28,2025-04-02,West
S17900894,HCP1067,PROD10,27,2025-05-08,North
S78462046,HCP1043,PROD10,29,2025-04-12,East
S55772040,HCP1077,PROD4,34,2025-02-22,West
S80436062,HCP1169,PROD1,50,2024-12-31,West
S70647096,HCP1251,PROD6,24,2025-03-30,North
S36117835,HCP1249,PROD10,45,2025-06-20,South
S62095814,HCP1199,PROD3,38,2025-05-20,West
S86249467,HCP1170,PROD10,38,2025-02-20,West
S90004831,HCP1297,PROD2,34,2025-01-25,North
S17624889,HCP1279,PROD5,24,2025-05-06,South
S56648494,HCP1231,PROD4,46,2025-06-15,West
S68999581,HCP1257,PROD5,49,2025-02-09,East
S6949189,HCP1109,PROD5,36,2025-01-15,East
S48545352,HCP1170,PROD6,20,2025-06-18,East
S72375737,HCP1187,PROD1,47,2025-03-16,South
S53062438,HCP1284,PROD5,4,2025-03-22,East
S23342162,HCP1254,PROD4,49,2025-03-11,East
S7105683,HCP1199,PROD1,8,2025-01-06,South
S46921882,HCP1011,PROD7,21,2025-03-01,South
S61037922,HCP1069,PROD9,49,2025-06-05,East
S89233782,HCP1183,PROD2,24,2025-03-01,North
S24147802,HCP1254,PROD9,50,2025-04-24,West
S95399940,HCP1205,PROD7,44,2025-02-10,East
S57488183,HCP1294,PROD10,16,2025-03-06,East
S51742810,HCP1144,PROD5,15,2025-01-02,West
S56750714,HCP1266,PROD10,26,2025-01-15,North
S53154283,HCP1177,PROD10,41,2025-01-10,East
S17121800,HCP1287,PROD9,15,2025-03-12,North
S54907654,HCP1148,PROD10,32,2025-02-22,West
S56225229,HCP1033,PROD1,10,2025-06-20,North
S53206324,HCP1024,PROD6,26,2025-03-13,South
S69296728,HCP1281,PROD6,2,2025-01-30,East
S20875992,HCP1190,PROD1,43,2025-01-01,East
S19171221,HCP1057,PROD3,10,2025-01-31,North
S77314772,HCP1018,PROD5,4,2025-04-09,West
S16756906,HCP1253,PROD3,27,2025-03-05,West
S6754613,HCP1242,PROD8,6,2025-01-26,West
S16524651,HCP1018,PROD1,39,2025-06-14,South
S65058965,HCP1152,PROD1,40,2025-04-29,North
S21409072,HCP1008,PROD4,28,2025-04-03,North
S47576979,HCP1053,PROD4,8,2025-04-14,East
S96364929,HCP1175,PROD10,24,2025-01-22,East
S71755206,HCP1203,PROD7,10,2025-06-10,North
S12409910,HCP1142,PROD8,27,2025-04-12,West
S6731615,HCP1207,PROD8,40,2025-05-06,West
S86613493,HCP1209,PROD5,46,2025-04-08,East
S65447786,HCP1113,PROD8,3,2025-02-09,South
S32437953,HCP1042,PROD9,1,2025-03-20,West
S12930279,HCP1171,PROD7,41,2025-06-02,West
S1574536,HCP1182,PROD1,29,2025-01-13,East
S90222994,HCP1148,PROD8,23,2025-01-09,East
S18797179,HCP1170,PROD10,46,2025-01-23,West
S60167503,HCP1297,PROD3,12,2025-02-01,North
S37604851,HCP1119,PROD6,26,2025-03-24,North
S80902453,HCP1160,PROD3,17,2025-04-12,East
S69102527,HCP1295,PROD4,33,2025-06-17,East
S14481646,HCP1008,PROD8,9,2025-05-23,North
S18497992,HCP1048,PROD7,5,2025-03-11,West
S82342800,HCP1222,PROD1,9,2025-06-17,North
S12441339,HCP1006,PROD6,5,2025-02-14,South
S25338483,HCP1177,PROD1,14,2025-01-02,East
S48294713,HCP1240,PROD4,11,2025-02-15,North
S22037316,HCP1131,PROD2,50,2025-05-26,North
S19531912,HCP1107,PROD5,18,2025-06-14,South
S20425182,HCP1027,PROD10,1,2025-04-12,South
S41251996,HCP1194,PROD10,5,2025-04-23,North
S1041460,HCP1059,PROD1,11,2025-04-22,West
S2689685,HCP1036,PROD8,37,2025-06-08,North
S11446678,HCP1144,PROD1,2,2025-04-15,South
S4564793,HCP1199,PROD3,26,2025-01-10,West
S47758435,HCP1210,PROD6,35,2025-04-24,West
S22866295,HCP1257,PROD6,8,2025-01-02,North
S82411311,HCP1086,PROD8,13,2025-04-13,West
S51413193,HCP1103,PROD4,15,2025-01-10,South
S99867901,HCP1174,PROD5,12,2025-02-23,West
S6546195,HCP1108,PROD3,44,2025-03-15,West
S91196911,HCP1173,PROD2,35,2025-02-09,North
S3142619,HCP1156,PROD1,24,2025-03-09,South
S79999294,HCP1146,PROD7,7,2025-04-15,South
S46135372,HCP1065,PROD10,28,2025-05-03,East
S50959841,HCP1240,PROD1,27,2024-12-28,South
S48787415,HCP1270,PROD1,45,2025-03-16,East
S4084550,HCP1094,PROD1,35,2025-04-10,East
S2770237,HCP1267,PROD8,9,2025-01-21,North
S36613,HCP1109,PROD5,24,2025-02-17,South
S52143459,HCP1163,PROD8,21,2025-02-15,East
S54984052,HCP1040,PROD9,8,2025-04-08,South
S15353439,HCP1099,PROD10,34,2025-06-04,North
S79120130,HCP1173,PROD7,30,2025-06-07,West
S39464119,HCP1246,PROD7,30,2025-02-08,North
S10228201,HCP1228,PROD5,7,2025-02-14,North
S28072999,HCP1197,PROD4,48,2025-01-29,North
S75263230,HCP1278,PROD6,27,2025-05-25,North
S88355419,HCP1114,PROD7,48,2025-06-15,South
S17417021,HCP1057,PROD10,38,2025-01-18,West
S4790880,HCP1173,PROD1,46,2025-04-04,East
S73129912,HCP1141,PROD6,4,2025-04-09,East
S31021767,HCP1226,PROD2,19,2025-04-02,East
S68551365,HCP1023,PROD10,33,2025-02-24,North
S94679950,HCP1253,PROD9,42,2025-03-30,West
S21645561,HCP1297,PROD6,7,2025-02-27,East
S4163270,HCP1057,PROD4,22,2025-05-16,West
S34592172,HCP1282,PROD1,17,2025-06-11,West
S26096453,HCP1148,PROD5,22,2025-01-28,South
S49943729,HCP1141,PROD9,1,2025-01-03,North
S18963563,HCP1113,PROD4,32,2025-06-17,North
S68624534,HCP1040,PROD6,33,2025-04-08,East
S95643557,HCP1182,PROD7,44,2025-02-22,North
S66812170,HCP1104,PROD10,49,2025-01-12,North
S73232896,HCP1047,PROD5,28,2025-01-28,South
S99647270,HCP1028,PROD7,34,2025-01-22,South
S55069587,HCP1017,PROD4,7,2025-06-18,South
S54112347,HCP1216,PROD7,5,2025-01-31,East
S91754201,HCP1025,PROD6,44,2025-05-12,South
S77323216,HCP1209,PROD7,10,2025-03-23,North
S19939064,HCP1029,PROD5,4,2025-01-02,East
S22019658,HCP1171,PROD6,8,2025-03-31,West
S98075460,HCP1252,PROD4,42,2025-05-20,South
S31967517,HCP1083,PROD1,50,2025-06-03,West
S87883478,HCP1286,PROD9,31,2025-05-03,North
S42396761,HCP1296,PROD10,9,2025-06-01,West
S91690420,HCP1019,PROD3,19,2025-05-12,South
S66529960,HCP1203,PROD9,5,2025-06-02,South
S21297989,HCP1043,PROD9,49,2025-02-21,North
S66040158,HCP1206,PROD1,44,2025-06-17,West
S48024087,HCP1150,PROD3,21,2025-04-05,West
S31910944,HCP1151,PROD8,18,2024-12-28,South
S55735939,HCP1238,PROD2,31,2025-02-01,East
S83486281,HCP1136,PROD6,42,2025-04-18,West
S23496353,HCP1269,PROD4,11,2025-01-05,West
S15496635,HCP1082,PROD4,8,2025-05-22,South
S9546705,HCP1235,PROD9,17,2025-02-23,East
S75179195,HCP1037,PROD8,13,2025-04-14,South
S58226387,HCP1220,PROD4,15,2024-12-28,South
S72243027,HCP1234,PROD10,47,2025-04-19,South
S3008686,HCP1036,PROD3,37,2025-05-17,North
S26166636,HCP1192,PROD4,46,2025-03-16,East
S99406330,HCP1034,PROD1,24,2025-01-13,North
S77274675,HCP1050,PROD1,11,2025-03-31,South
S85527723,HCP1112,PROD4,24,2025-04-02,South
S55042824,HCP1157,PROD5,48,2025-05-23,South
S87725525,HCP1161,PROD2,24,2025-02-10,North
S56187902,HCP1205,PROD3,46,2024-12-30,West
S38042121,HCP1297,PROD9,26,2025-06-07,North
S77717531,HCP1141,PROD2,16,2025-05-11,West
S55976883,HCP1058,PROD2,16,2025-03-20,South
S51261305,HCP1124,PROD3,49,2025-02-28,East
S66518250,HCP1294,PROD4,14,2025-06-10,West
S60263877,HCP1261,PROD8,46,2025-05-14,South
S18636629,HCP1131,PROD7,3,2025-06-03,West
S4889545,HCP1023,PROD7,7,2025-05-25,North
S81074537,HCP1293,PROD5,29,2025-04-09,South
S50314140,HCP1103,PROD9,41,2025-03-10,West
S50946240,HCP1196,PROD3,39,2025-03-07,South
S2088162,HCP1182,PROD7,11,2025-01-02,South
S91338746,HCP1290,PROD4,42,2025-04-07,West
S20041287,HCP1018,PROD5,20,2025-01-08,West
S67907677,HCP1038,PROD10,50,2025-03-15,South
S77720849,HCP1103,PROD3,21,2025-01-15,East
S48051855,HCP1181,PROD4,6,2025-03-30,South
S40007504,HCP1263,PROD5,5,2025-01-23,South
S54564887,HCP1079,PROD9,37,2025-06-10,South
S95447183,HCP1128,PROD2,34,2025-03-20,North
S9589042,HCP1054,PROD10,5,2025-03-19,South
S97410521,HCP1198,PROD1,7,2025-03-13,West
S67572320,HCP1278,PROD4,31,2025-02-01,North
S52212672,HCP1069,PROD5,26,2025-02-08,East
S65096315,HCP1288,PROD8,15,2025-05-29,West
S51189565,HCP1223,PROD4,2,2025-06-06,South
S73596617,HCP1218,PROD3,42,2025-02-24,North
S67680326,HCP1192,PROD1,11,2025-02-17,South
S81819948,HCP1166,PROD10,41,2025-03-09,North
S16855975,HCP1184,PROD2,36,2024-12-28,North
S35378709,HCP1180,PROD5,35,2025-04-11,North
S80577675,HCP1055,PROD8,49,2025-06-09,South
S69827055,HCP1031,PROD2,16,2025-06-21,South
S18785329,HCP1142,PROD8,11,2025-03-30,East
S42793385,HCP1157,PROD4,42,2025-04-18,East
S36111231,HCP1179,PROD6,17,2025-05-22,West
S39233388,HCP1236,PROD2,15,2025-02-09,West
S99904112,HCP1183,PROD5,41,2025-06-08,East
S97493328,HCP1244,PROD5,6,2025-04-22,South
S85107165,HCP1225,PROD8,43,2025-04-23,West
S27377002,HCP1131,PROD9,47,2025-04-10,West
S56206490,HCP1101,PROD7,11,2025-05-23,East
S53849188,HCP1271,PROD1,27,2025-01-06,North
S16727800,HCP1129,PROD9,28,2025-04-03,East
S31541315,HCP1033,PROD10,8,2025-03-11,West
S86476559,HCP1247,PROD1,22,2025-06-09,West
S38169219,HCP1299,PROD9,20,2025-06-09,South
S3230792,HCP1037,PROD8,24,2025-04-21,East
S74068340,HCP1168,PROD7,17,2025-02-02,North
S56041054,HCP1242,PROD10,31,2024-12-29,West
S64413498,HCP1246,PROD4,3,2025-04-10,West
S24213680,HCP1286,PROD8,7,2025-06-10,North
S13756197,HCP1208,PROD1,24,2025-01-18,East
S3018343,HCP1017,PROD1,3,2025-04-08,South
S2246740,HCP1100,PROD10,40,2025-05-06,West
S73997080,HCP1190,PROD6,43,2025-03-17,North
S24552845,HCP1088,PROD7,26,2025-01-20,South
S5663220,HCP1280,PROD6,25,2025-01-06,East
S86028172,HCP1143,PROD8,33,2025-05-20,West
S18358866,HCP1030,PROD10,9,2024-12-23,South
S13267227,HCP1196,PROD7,20,2025-02-26,West
S6044009,HCP1094,PROD10,40,2025-06-17,North
S62087011,HCP1278,PROD10,40,2025-01-24,North
S57208580,HCP1246,PROD7,4,2025-06-11,West
S12327541,HCP1276,PROD6,45,2025-01-25,North
S91145864,HCP1181,PROD8,31,2025-04-01,South
S26528965,HCP1134,PROD5,46,2025-02-25,South
S33549157,HCP1267,PROD10,48,2025-01-21,East
S31871483,HCP1040,PROD5,38,2025-04-26,West
S70486428,HCP1067,PROD7,30,2025-05-14,West
S85715161,HCP1210,PROD2,21,2025-04-05,West
S20375518,HCP1045,PROD2,16,2025-02-28,North
S5372605,HCP1195,PROD1,45,2025-03-29,West
S25165776,HCP1114,PROD6,47,2025-03-10,North
S91670473,HCP1179,PROD4,23,2024-12-26,West
S33176693,HCP1191,PROD8,38,2025-05-31,South
S32006810,HCP1235,PROD5,21,2025-06-01,South
S842834,HCP1201,PROD2,15,2025-02-02,West
S71649025,HCP1025,PROD3,34,2025-02-06,West
S59971891,HCP1101,PROD5,26,2025-01-15,North
S97620921,HCP1217,PROD7,42,2024-12-23,West
S42800615,HCP1179,PROD8,18,2025-03-28,North
S85674160,HCP1176,PROD1,23,2025-06-01,West
S60973661,HCP1296,PROD2,33,2025-04-05,South
S43866867,HCP1295,PROD4,29,2025-02-26,North
S12045804,HCP1231,PROD3,32,2025-05-28,West
S46570124,HCP1172,PROD8,26,2025-04-24,East
S20544994,HCP1294,PROD10,47,2025-02-22,South
S31852913,HCP1237,PROD8,50,2025-02-20,West
S36583766,HCP1249,PROD7,21,2025-03-11,East
S70068085,HCP1242,PROD1,22,2025-06-12,South
S38064110,HCP1155,PROD9,10,2025-04-12,West
S28150770,HCP1078,PROD1,48,2025-05-13,North
S61141598,HCP1216,PROD6,42,2025-02-25,West
S49177652,HCP1257,PROD8,2,2025-02-12,South
S91850310,HCP1069,PROD3,22,2024-12-23,North
S87331167,HCP1019,PROD6,23,2025-03-07,East
S39127678,HCP1245,PROD8,22,2025-02-19,South
S40771935,HCP1229,PROD6,40,2025-03-06,East
S4140328,HCP1150,PROD1,50,2025-03-29,South
S13448798,HCP1037,PROD6,27,2025-02-13,East
S86236631,HCP1097,PROD10,33,2025-01-27,South
S81234674,HCP1263,PROD6,48,2025-04-21,North
S38976732,HCP1182,PROD9,38,2025-06-12,North
S70753431,HCP1158,PROD6,1,2025-06-03,West
S49753920,HCP1179,PROD1,39,2025-06-11,East
S18697971,HCP1209,PROD7,34,2025-05-25,West
S19317946,HCP1070,PROD7,38,2025-06-06,East
S78330164,HCP1231,PROD5,6,2025-05-22,East
S95102341,HCP1131,PROD1,34,2025-01-23,North
S97233156,HCP1148,PROD5,10,2025-05-04,South
S32744670,HCP1059,PROD3,24,2025-01-02,South
S84671099,HCP1238,PROD9,28,2025-06-12,East
S47720213,HCP1055,PROD8,29,2025-03-04,West
S3442482,HCP1292,PROD5,17,2025-01-08,North
S52547786,HCP1240,PROD10,30,2025-05-15,South
S85598393,HCP1269,PROD8,42,2025-04-02,West
S29287757,HCP1015,PROD5,39,2025-03-22,East
S94720353,HCP1167,PROD5,40,2025-04-02,West
S65321728,HCP1181,PROD9,49,2025-05-01,South
S1874431,HCP1031,PROD10,41,2025-02-15,East
S10042409,HCP1001,PROD8,39,2025-03-02,East
S39862547,HCP1178,PROD3,32,2025-05-29,South
S81322512,HCP1175,PROD2,50,2025-04-04,East
S55139676,HCP1086,PROD4,44,2025-03-16,North
S17044689,HCP1266,PROD4,1,2025-05-22,East
S74105255,HCP1203,PROD1,45,2025-04-16,West
S57431136,HCP1009,PROD3,6,2025-04-10,East
S10140994,HCP1120,PROD7,5,2025-04-14,East
S24545363,HCP1121,PROD3,7,2024-12-28,East
S51118603,HCP1058,PROD1,43,2025-02-23,South
S30847456,HCP1185,PROD9,37,2025-01-08,West
S31685109,HCP1078,PROD9,14,2025-02-25,North
S65280261,HCP1221,PROD5,38,2025-02-14,South
S70835283,HCP1273,PROD9,14,2025-04-18,East
S79818490,HCP1138,PROD5,6,2025-05-14,South
S39119983,HCP1209,PROD1,28,2025-04-28,East
S10985035,HCP1218,PROD6,50,2025-03-17,South
S34291162,HCP1226,PROD6,15,2025-03-12,South
S96905418,HCP1290,PROD8,33,2025-03-04,South
S82111905,HCP1051,PROD10,12,2025-02-11,West
S31383111,HCP1236,PROD4,32,2025-04-13,East
S21554124,HCP1235,PROD6,2,2025-04-15,West
S99407693,HCP1273,PROD5,43,2025-04-07,East
S33630174,HCP1167,PROD10,41,2025-04-30,South
S26335997,HCP1166,PROD3,10,2025-06-12,South
S97818535,HCP1248,PROD3,39,2025-03-25,West
S78642490,HCP1205,PROD2,44,2025-05-05,North
S94781493,HCP1106,PROD7,34,2025-05-12,North
S60194162,HCP1141,PROD8,43,2025-01-15,North
S14696228,HCP1184,PROD6,15,2025-02-26,North
S72431413,HCP1264,PROD1,26,2025-02-04,South
S21491034,HCP1154,PROD2,48,2025-02-03,North
S69883395,HCP1153,PROD2,35,2025-05-26,West
S68284837,HCP1096,PROD4,24,2025-06-09,North
S94192001,HCP1131,PROD10,6,2025-05-12,East
S73975143,HCP1005,PROD10,39,2025-03-16,West
S34100058,HCP1010,PROD1,30,2025-05-31,East
S69062183,HCP1000,PROD5,15,2024-12-25,East
S70571257,HCP1102,PROD6,21,2025-06-22,West
S22647570,HCP1249,PROD6,33,2025-04-17,South
S56476092,HCP1277,PROD5,48,2025-01-22,East
S38050872,HCP1199,PROD2,1,2025-04-28,East
S22313521,HCP1078,PROD10,49,2025-03-22,East
S72945991,HCP1023,PROD7,27,2025-05-05,North
S41783229,HCP1091,PROD9,49,2024-12-31,West
S68304514,HCP1179,PROD1,17,2025-06-22,North
S54896095,HCP1253,PROD9,45,2025-01-11,East
S12707108,HCP1112,PROD2,26,2025-04-19,West
S45223243,HCP1298,PROD3,28,2025-03-19,West
S97359144,HCP1109,PROD7,5,2025-02-07,West
S86434097,HCP1091,PROD1,33,2025-05-28,East
S34701783,HCP1072,PROD9,14,2025-01-20,West
S32358039,HCP1068,PROD10,5,2025-05-23,South
S5290304,HCP1092,PROD5,32,2025-05-25,West
S17897779,HCP1195,PROD2,29,2025-03-22,North
S29313028,HCP1138,PROD4,17,2025-03-11,North
S58732355,HCP1185,PROD4,37,2025-04-03,West
S9174258,HCP1242,PROD7,26,2025-01-14,North
S28863478,HCP1156,PROD5,21,2025-04-17,South
S81702605,HCP1071,PROD10,42,2025-05-30,West
S87262996,HCP1278,PROD7,9,2025-01-15,North
S55588611,HCP1017,PROD2,43,2025-01-15,South
S68961860,HCP1272,PROD8,14,2025-02-04,North
S45707055,HCP1082,PROD3,18,2025-05-15,North
S89566883,HCP1168,PROD2,48,2025-01-28,East
S50993288,HCP1237,PROD1,40,2025-01-28,South
S71988105,HCP1008,PROD6,33,2025-05-16,East
S17704974,HCP1239,PROD8,21,2025-01-22,West
S19476180,HCP1249,PROD9,43,2025-05-23,West
S85382611,HCP1070,PROD7,18,2025-04-20,East
S73128371,HCP1111,PROD1,43,2025-05-01,West
S32969654,HCP1182,PROD3,36,2025-06-12,West
S56529500,HCP1093,PROD5,13,2025-03-07,South
S14116544,HCP1246,PROD10,1,2025-05-17,South
S27469629,HCP1139,PROD2,44,2025-01-27,East
S51848845,HCP1220,PROD3,20,2025-04-13,West
S74579507,HCP1124,PROD1,14,2025-01-12,North
S21471450,HCP1074,PROD10,25,2025-03-07,West
S37519012,HCP1286,PROD7,10,2025-04-20,North
S93648661,HCP1270,PROD6,19,2025-02-23,West
S6705718,HCP1252,PROD2,7,2025-04-10,North
S20385264,HCP1061,PROD8,34,2025-06-19,West
S3583774,HCP1285,PROD7,42,2024-12-27,South
S79319284,HCP1165,PROD8,46,2025-05-29,East
S73265825,HCP1113,PROD3,23,2025-02-16,South
S10997199,HCP1282,PROD1,31,2025-02-03,West
S50579134,HCP1089,PROD3,5,2025-01-06,East
S17495798,HCP1194,PROD2,17,2025-06-02,East
S54000615,HCP1130,PROD6,13,2025-06-16,East
S45437052,HCP1117,PROD7,28,2025-05-04,West
S76912504,HCP1096,PROD1,5,2024-12-27,North
S51117062,HCP1149,PROD8,44,2025-01-04,North
S79101721,HCP1179,PROD8,8,2025-03-11,West
S7772407,HCP1081,PROD2,39,2025-01-06,West
S92406855,HCP1157,PROD3,10,2025-03-14,East
S98949417,HCP1237,PROD7,47,2025-03-23,South
S25049542,HCP1166,PROD3,19,2025-04-13,South
S8857172,HCP1264,PROD9,20,2025-05-28,East
S2970330,HCP1175,PROD4,27,2025-03-29,East
S9666144,HCP1168,PROD2,37,2024-12-29,South
S81833171,HCP1068,PROD9,7,2024-12-31,South
S86718426,HCP1295,PROD2,12,2025-02-26,South
S4789027,HCP1154,PROD10,37,2025-03-31,North
S92486250,HCP1230,PROD3,48,2025-01-14,West
S11286252,HCP1270,PROD9,31,2025-04-24,North
S64046416,HCP1017,PROD5,27,2025-03-14,South
S83293794,HCP1289,PROD8,48,2025-02-28,North
S90536715,HCP1051,PROD3,9,2025-02-22,North
S52511388,HCP1236,PROD1,37,2025-05-07,East
S96079464,HCP1160,PROD8,32,2025-05-29,North
S25883276,HCP1203,PROD2,37,2025-02-28,South
S72598549,HCP1152,PROD2,39,2025-02-16,East
S38894467,HCP1244,PROD1,33,2025-06-15,North
S64849494,HCP1060,PROD3,36,2025-05-23,South
S61057128,HCP1096,PROD3,34,2025-05-21,North
S2248090,HCP1003,PROD1,44,2025-03-14,West
S74540972,HCP1124,PROD6,33,2025-01-25,North
S42076150,HCP1149,PROD8,50,2025-06-03,East
S75587932,HCP1086,PROD2,24,2025-05-21,West
S42427255,HCP1053,PROD7,24,2025-05-10,North
S74428444,HCP1048,PROD2,40,2025-05-25,East
S99949025,HCP1083,PROD2,5,2025-02-16,South
S66810959,HCP1012,PROD5,32,2025-04-15,East
S31745078,HCP1027,PROD8,12,2025-05-25,West
S13862712,HCP1115,PROD8,23,2025-06-19,West
S71798219,HCP1200,PROD8,46,2025-06-07,North
S1734743,HCP1248,PROD4,2,2025-01-31,North
S1754910,HCP1037,PROD2,34,2025-06-04,West
S40080623,HCP1185,PROD10,20,2025-06-01,South
S27856934,HCP1142,PROD5,36,2025-05-29,North
S99753434,HCP1133,PROD3,34,2025-02-13,South
S17628119,HCP1289,PROD1,41,2025-03-07,South
S52124568,HCP1277,PROD5,49,2025-03-26,South
S11068239,HCP1040,PROD4,39,2025-04-07,South
S66732518,HCP1090,PROD2,18,2025-04-03,West
S33387000,HCP1250,PROD3,7,2025-01-07,West
S1135822,HCP1037,PROD8,3,2025-04-03,South
S31963808,HCP1271,PROD6,28,2025-01-25,East
S80639876,HCP1231,PROD9,39,2025-02-19,North
S2323926,HCP1098,PROD4,49,2025-06-13,North
S37431135,HCP1192,PROD7,1,2025-04-26,North
S17343542,HCP1065,PROD9,23,2025-03-15,East
S22638102,HCP1155,PROD6,34,2025-06-01,East
S24168207,HCP1210,PROD4,41,2025-02-14,East
S46656400,HCP1176,PROD5,50,2025-06-20,East
S14011612,HCP1256,PROD1,45,2025-02-18,West
S22612890,HCP1105,PROD3,31,2025-01-10,West
S95614844,HCP1196,PROD9,33,2024-12-29,West
S92288456,HCP1177,PROD1,42,2025-01-21,South
S24443904,HCP1243,PROD7,13,2025-03-14,North
S34228937,HCP1271,PROD9,11,2025-03-21,North
S76485589,HCP1134,PROD4,26,2025-05-03,West
S24486818,HCP1057,PROD10,48,2025-06-17,North
S52620102,HCP1086,PROD3,33,2025-02-15,West
S44252631,HCP1046,PROD5,32,2025-06-10,South
S88180718,HCP1227,PROD10,17,2025-06-12,North
S68730145,HCP1033,PROD10,37,2025-03-18,West
S92585328,HCP1151,PROD5,37,2025-02-20,North
S51749809,HCP1043,PROD6,16,2025-03-05,East
S9667743,HCP1087,PROD2,16,2025-05-26,South
S63737355,HCP1196,PROD5,4,2025-04-06,East
S53358376,HCP1235,PROD10,50,2025-04-18,South
S56936701,HCP1117,PROD4,46,2025-03-22,North
S57683651,HCP1006,PROD1,10,2025-05-22,South
S11416990,HCP1151,PROD6,4,2025-03-23,East
S33701773,HCP1143,PROD6,16,2025-05-22,West
S83564874,HCP1233,PROD7,22,2024-12-31,North
S96205414,HCP1072,PROD2,20,2025-05-23,South
S46920368,HCP1221,PROD6,2,2025-05-02,South
S47754519,HCP1156,PROD4,11,2025-04-18,North
S60639799,HCP1049,PROD2,23,2025-02-02,North
S66949582,HCP1299,PROD4,20,2025-06-16,North
S99465040,HCP1205,PROD1,23,2025-03-11,East
S63277027,HCP1068,PROD3,18,2025-04-05,North
S63800926,HCP1000,PROD9,14,2025-01-23,West
S48789987,HCP1295,PROD10,27,2025-03-02,West
S28901498,HCP1280,PROD5,5,2025-05-24,East
S86074009,HCP1117,PROD1,14,2025-01-30,North
S14874738,HCP1010,PROD4,42,2025-02-01,East
S56650997,HCP1076,PROD10,13,2025-02-03,West
S57808634,HCP1155,PROD8,9,2025-01-04,West
S90784252,HCP1267,PROD1,13,2025-02-03,South
S95137249,HCP1043,PROD7,23,2025-05-05,South
S57913594,HCP1274,PROD7,1,2025-06-15,East
S24034583,HCP1086,PROD2,45,2025-01-11,West
S4626671,HCP1006,PROD5,47,2025-04-07,North
S85631530,HCP1095,PROD5,17,2025-03-23,West
S13877939,HCP1096,PROD6,48,2025-04-07,East
S76024078,HCP1066,PROD2,48,2025-06-06,North
S2092205,HCP1081,PROD9,15,2025-02-11,East
S68950535,HCP1204,PROD8,22,2025-01-25,North
S78459526,HCP1078,PROD9,24,2025-01-27,East
S73435959,HCP1298,PROD1,12,2025-06-03,North
S23148300,HCP1197,PROD1,38,2025-04-11,East
S52083121,HCP1095,PROD10,3,2025-01-12,South
S63302228,HCP1287,PROD8,37,2025-05-01,East
S41015492,HCP1166,PROD5,8,2025-04-26,West
S13556677,HCP1241,PROD3,17,2025-02-23,South
S93047217,HCP1013,PROD10,19,2025-04-01,East
S47252199,HCP1096,PROD3,35,2025-04-23,South
S14481797,HCP1190,PROD10,23,2024-12-31,East
S59270528,HCP1155,PROD10,10,2025-03-07,North
S71746199,HCP1293,PROD6,14,2025-01-08,East
S14095465,HCP1104,PROD6,2,2025-03-03,West
S76955412,HCP1287,PROD5,15,2025-02-08,East
S26428940,HCP1262,PROD8,32,2025-02-13,South
S33204010,HCP1081,PROD4,49,2025-06-14,East
S82099921,HCP1183,PROD6,15,2025-05-26,South
S59461269,HCP1185,PROD3,30,2025-05-11,North
S1038157,HCP1131,PROD10,21,2024-12-26,North
S36196316,HCP1194,PROD4,30,2025-01-23,North
S17317378,HCP1005,PROD7,26,2025-01-19,East
S63318560,HCP1192,PROD2,23,2025-02-18,North
S76360590,HCP1249,PROD4,9,2025-02-20,South
S21642850,HCP1184,PROD8,43,2025-03-19,South
S92212671,HCP1161,PROD4,40,2025-04-18,South
S31434176,HCP1239,PROD7,22,2025-02-15,North
S77501941,HCP1034,PROD10,48,2025-06-17,South
S58979620,HCP1134,PROD4,3,2025-02-27,South
S86645157,HCP1145,PROD3,31,2025-01-25,West
S829481,HCP1276,PROD5,44,2025-06-06,West
S9368997,HCP1133,PROD6,15,2025-03-11,East
S85034253,HCP1157,PROD3,18,2025-06-01,West
S87487833,HCP1000,PROD7,23,2025-05-03,East
S3927256,HCP1290,PROD10,41,2025-03-14,North
S24289910,HCP1187,PROD2,42,2025-05-26,East
S54864874,HCP1206,PROD1,17,2025-03-25,East
S82836677,HCP1106,PROD1,49,2025-02-13,West
S42963936,HCP1006,PROD4,6,2025-04-21,West
S16982995,HCP1186,PROD4,32,2025-05-23,South
S99767268,HCP1053,PROD2,30,2025-03-29,West
S15510801,HCP1096,PROD9,18,2025-06-06,East
S40290565,HCP1120,PROD8,45,2025-06-02,South
S38328931,HCP1140,PROD2,28,2025-05-20,East
S57294082,HCP1024,PROD8,15,2025-02-22,North
S68850263,HCP1056,PROD3,37,2025-04-06,West
S75649846,HCP1099,PROD7,19,2025-03-14,North
S71445812,HCP1002,PROD10,14,2025-02-08,West
S93209374,HCP1276,PROD7,22,2024-12-30,North
S48015172,HCP1261,PROD2,23,2025-05-25,South
S63476263,HCP1081,PROD8,2,2025-04-24,North
S12189759,HCP1037,PROD10,41,2025-04-26,North
S13286464,HCP1267,PROD6,23,2025-05-11,East
S72822510,HCP1126,PROD6,40,2025-03-08,South
S72318382,HCP1035,PROD1,21,2025-02-03,South
S48326408,HCP1024,PROD8,9,2025-02-06,East
S3791989,HCP1269,PROD1,3,2025-05-21,East
S98159149,HCP1116,PROD6,20,2025-01-07,North
S86771009,HCP1047,PROD9,12,2025-01-08,North
S83671831,HCP1001,PROD3,20,2025-02-14,East
S52049191,HCP1195,PROD8,13,2025-02-01,East
S60786239,HCP1246,PROD2,24,2025-01-26,South
S6184207,HCP1251,PROD4,14,2025-01-08,East
S70642856,HCP1087,PROD2,40,2025-06-09,West
S8490829,HCP1147,PROD4,38,2025-02-05,North
S69144317,HCP1118,PROD2,39,2025-03-04,West
S22031411,HCP1160,PROD10,16,2024-12-25,North
S16011612,HCP1173,PROD6,27,2025-02-23,South
S97426311,HCP1042,PROD4,40,2025-03-15,North
S17935046,HCP1016,PROD6,23,2025-06-03,East
S61037471,HCP1016,PROD9,22,2025-03-06,West
S82857159,HCP1151,PROD1,4,2025-03-03,East
S32152509,HCP1148,PROD2,14,2025-04-18,East
S79940585,HCP1058,PROD10,30,2025-04-12,North
S90884318,HCP1110,PROD10,49,2025-01-04,North
S94954220,HCP1088,PROD8,32,2025-06-18,South
S45178567,HCP1006,PROD6,47,2025-03-05,South
S95759221,HCP1294,PROD6,49,2025-01-30,West
S4022051,HCP1243,PROD6,40,2025-01-20,East
S47614286,HCP1065,PROD6,9,2025-06-17,East
S89538999,HCP1168,PROD5,7,2025-05-13,North
S23160527,HCP1251,PROD9,17,2025-05-05,South
S60561907,HCP1125,PROD7,23,2025-03-12,South
S18673739,HCP1229,PROD10,2,2025-02-09,West
S84017835,HCP1263,PROD8,15,2025-01-14,North
S20265182,HCP1245,PROD1,36,2025-06-16,North
S35704682,HCP1113,PROD10,3,2025-04-08,North
S9731163,HCP1250,PROD2,7,2024-12-25,South
S66769832,HCP1138,PROD7,33,2025-01-04,South
S89388852,HCP1241,PROD1,45,2025-02-02,North
S30708512,HCP1198,PROD6,30,2025-02-16,East
S36651495,HCP1295,PROD2,13,2025-04-18,East
S97818127,HCP1263,PROD3,37,2025-02-23,East
S68082592,HCP1224,PROD10,25,2025-05-13,South
S85297905,HCP1204,PROD2,35,2025-03-06,South
S46320336,HCP1007,PROD7,48,2025-03-04,East
S63614879,HCP1290,PROD9,25,2025-05-16,South
S87923213,HCP1279,PROD7,36,2025-02-09,West
S85543028,HCP1099,PROD2,22,2025-06-04,East
S87847504,HCP1040,PROD7,20,2025-04-11,East
S14191214,HCP1069,PROD9,33,2025-05-11,North
S44396474,HCP1104,PROD8,13,2025-02-02,South
S72461950,HCP1169,PROD6,7,2025-05-15,East
S3050729,HCP1232,PROD10,48,2025-04-21,West
S73237743,HCP1199,PROD10,4,2024-12-27,East
S37381801,HCP1163,PROD3,16,2025-05-16,North
S26572579,HCP1037,PROD1,8,2025-05-01,South
S91744026,HCP1074,PROD3,29,2025-05-24,East
S86597544,HCP1063,PROD2,44,2025-04-18,North
S98367302,HCP1267,PROD4,32,2025-05-15,West
S58424370,HCP1215,PROD2,23,2025-06-13,South
S83989088,HCP1213,PROD1,26,2025-01-01,South
S30604704,HCP1071,PROD3,12,2024-12-26,South
S16212302,HCP1056,PROD4,23,2025-01-02,South
S83769420,HCP1138,PROD7,36,2025-02-14,North
S46703332,HCP1082,PROD1,28,2025-01-20,East
S73542216,HCP1014,PROD1,25,2025-03-31,West
S56344466,HCP1127,PROD2,49,2025-02-14,South
S70234093,HCP1179,PROD2,12,2025-03-19,East
S77840309,HCP1284,PROD9,31,2025-02-11,East
S6777780,HCP1185,PROD7,35,2025-05-14,North
S20272367,HCP1166,PROD2,43,2025-05-26,South
S65874528,HCP1197,PROD5,16,2025-02-24,West
S99028587,HCP1253,PROD4,6,2025-01-27,North
S76246276,HCP1014,PROD8,21,2025-03-21,East
S65104671,HCP1231,PROD4,39,2025-03-12,North
S33362604,HCP1120,PROD10,29,2025-01-12,South
S57884977,HCP1043,PROD4,14,2025-01-13,West
S48873449,HCP1232,PROD1,39,2024-12-23,East
S92100838,HCP1290,PROD2,11,2025-01-03,East
S42170867,HCP1224,PROD8,46,2025-02-26,South
S81091570,HCP1056,PROD6,44,2025-05-31,West
S72407494,HCP1031,PROD3,1,2025-05-02,East
S45889649,HCP1226,PROD1,8,2025-06-08,West
S19361859,HCP1174,PROD1,3,2025-03-15,East
S86503227,HCP1223,PROD4,18,2025-04-10,North
S4413714,HCP1143,PROD4,30,2025-06-05,South
S46293629,HCP1277,PROD4,11,2024-12-30,East
S74923313,HCP1241,PROD5,29,2025-05-05,North
S13783954,HCP1095,PROD3,49,2025-03-26,North
S48889697,HCP1084,PROD5,35,2025-05-22,North
S23381732,HCP1285,PROD5,44,2025-02-22,North
S54299583,HCP1179,PROD8,16,2025-01-30,East
S50630385,HCP1147,PROD4,44,2025-03-05,North
S40026305,HCP1153,PROD8,34,2025-03-04,North
S64679916,HCP1090,PROD7,22,2025-06-07,East
S15892089,HCP1041,PROD7,25,2025-01-25,East
S17980829,HCP1237,PROD9,19,2025-02-05,West
S32728030,HCP1007,PROD1,20,2024-12-29,South
S427677,HCP1155,PROD5,24,2025-05-15,South
S3700256,HCP1016,PROD3,31,2025-05-25,South
S55573351,HCP1196,PROD5,15,2025-05-26,East
S93657814,HCP1105,PROD1,13,2025-06-15,North
S35703013,HCP1013,PROD5,35,2025-01-04,South
S53605646,HCP1053,PROD5,7,2024-12-22,West
S89645412,HCP1114,PROD5,36,2025-03-01,East
S10206113,HCP1187,PROD5,17,2025-06-15,West
S17350194,HCP1156,PROD2,39,2025-02-19,East
S72625023,HCP1249,PROD3,46,2025-05-05,North
S70488747,HCP1001,PROD1,44,2025-02-01,North
S35388360,HCP1002,PROD7,18,2025-01-09,South
S32699332,HCP1001,PROD6,14,2025-02-20,North
S31947001,HCP1113,PROD8,11,2025-04-24,West
S81998523,HCP1003,PROD5,16,2024-12-22,South
S68293136,HCP1073,PROD10,25,2025-02-06,South
S43505279,HCP1035,PROD5,10,2025-04-03,South
S39536198,HCP1128,PROD9,5,2025-05-01,North
S57717749,HCP1240,PROD9,2,2025-06-09,North
S17810276,HCP1138,PROD6,27,2025-06-14,North
S50214487,HCP1031,PROD4,38,2024-12-28,South
S1016714,HCP1199,PROD8,29,2025-04-16,East
S64472268,HCP1100,PROD8,19,2024-12-29,South
S50995655,HCP1099,PROD10,16,2025-01-23,North
S51774790,HCP1087,PROD2,49,2025-01-20,East
S77293439,HCP1169,PROD1,2,2025-01-10,South
S27895440,HCP1143,PROD1,21,2025-06-14,South
S32082492,HCP1130,PROD9,34,2025-03-31,South
S22972628,HCP1238,PROD7,13,2025-04-19,North
S65738372,HCP1145,PROD7,17,2025-06-10,East
S47460031,HCP1027,PROD6,31,2025-02-01,South
S18189694,HCP1239,PROD2,26,2025-01-03,South
S48506354,HCP1064,PROD1,39,2025-03-26,East
S74136573,HCP1150,PROD6,27,2025-01-21,East
S43727589,HCP1128,PROD3,38,2025-02-22,North
S81105978,HCP1283,PROD4,14,2025-03-25,West
S90813463,HCP1081,PROD5,1,2025-02-20,East
S35274569,HCP1287,PROD6,1,2024-12-31,West
S45274805,HCP1290,PROD5,18,2025-05-31,South
S18944520,HCP1024,PROD3,32,2025-04-16,North
S31722585,HCP1151,PROD2,38,2025-06-20,West
S72933820,HCP1033,PROD1,20,2025-01-03,South
S93394800,HCP1174,PROD7,6,2025-02-18,North
S10504489,HCP1174,PROD3,43,2025-06-02,North
S85861168,HCP1097,PROD10,22,2025-01-12,North
S93290276,HCP1262,PROD10,1,2025-02-12,East
S11292869,HCP1200,PROD1,19,2025-02-21,North
S78616767,HCP1193,PROD4,48,2025-04-08,South
S42535657,HCP1284,PROD8,49,2025-05-13,East
S10822901,HCP1204,PROD10,32,2025-05-18,West
S14568282,HCP1291,PROD7,43,2025-05-24,West
S42527177,HCP1136,PROD8,22,2025-04-17,East
S26356757,HCP1220,PROD3,36,2024-12-28,North
S98814892,HCP1074,PROD4,23,2025-05-31,North
S74781952,HCP1079,PROD5,49,2025-04-01,East
S71166072,HCP1071,PROD8,38,2025-04-22,West
S27375327,HCP1041,PROD4,19,2025-03-16,North
S69976063,HCP1050,PROD2,4,2025-04-11,South
S94694847,HCP1058,PROD5,24,2025-04-06,East
S86860213,HCP1279,PROD4,47,2025-03-05,East
S1019447,HCP1260,PROD3,15,2025-03-08,West
S58037196,HCP1008,PROD8,12,2025-04-13,East
S11633524,HCP1289,PROD7,25,2025-04-23,South
S81860119,HCP1155,PROD4,4,2025-01-09,North
S17940593,HCP1148,PROD9,19,2025-01-29,South
S14042263,HCP1069,PROD8,28,2025-04-19,North
S9813895,HCP1089,PROD8,25,2025-01-15,East
S69805255,HCP1168,PROD8,34,2025-04-17,South
S37510406,HCP1271,PROD7,28,2025-03-16,South
S64320051,HCP1164,PROD4,49,2025-03-31,West
S99459742,HCP1288,PROD1,20,2025-03-23,East
S31134162,HCP1070,PROD1,30,2025-01-17,West
S33214656,HCP1104,PROD8,14,2025-05-27,West
S23028280,HCP1142,PROD10,5,2025-01-12,West
S90130049,HCP1038,PROD1,50,2025-02-27,East
S8172840,HCP1246,PROD9,7,2025-02-07,South
S75765911,HCP1115,PROD5,19,2025-04-09,East
S73659262,HCP1067,PROD3,36,2025-04-18,North
S87821574,HCP1051,PROD7,8,2025-05-24,North
S35949154,HCP1200,PROD5,29,2025-05-22,East
S17086490,HCP1205,PROD4,41,2025-02-15,West
S64504195,HCP1171,PROD8,26,2025-05-09,North
S77280986,HCP1112,PROD7,2,2025-02-22,West
S37070164,HCP1113,PROD7,39,2025-03-05,North
S50587810,HCP1081,PROD3,47,2025-06-03,East
S43287635,HCP1117,PROD5,44,2025-05-12,West
S31698317,HCP1203,PROD8,34,2025-05-13,North
S22202665,HCP1026,PROD9,36,2025-05-27,South
S59891481,HCP1111,PROD2,33,2025-04-13,North
S96521808,HCP1254,PROD10,25,2025-05-26,South
S81180845,HCP1012,PROD8,16,2025-06-19,East
S91679418,HCP1033,PROD8,22,2025-03-08,North
S45145671,HCP1082,PROD9,3,2025-02-18,East
S96288911,HCP1077,PROD4,3,2025-01-23,East
S36659948,HCP1036,PROD1,47,2025-02-17,North
S95516408,HCP1280,PROD9,19,2025-02-04,East
S30612084,HCP1269,PROD9,42,2025-01-22,East
S35658153,HCP1116,PROD10,39,2024-12-26,North
S40215932,HCP1129,PROD8,9,2025-04-08,West
S74099078,HCP1215,PROD9,41,2025-02-06,East
S34079342,HCP1136,PROD5,40,2025-03-06,West
S83506222,HCP1238,PROD1,24,2025-03-07,East
S99204807,HCP1053,PROD4,50,2025-05-22,South
S88307928,HCP1046,PROD7,46,2025-01-18,North
S89258270,HCP1299,PROD5,8,2025-01-22,East
S22028368,HCP1162,PROD3,32,2024-12-26,West
S70226022,HCP1115,PROD7,44,2025-02-26,South
S72796907,HCP1187,PROD3,32,2025-05-10,West
S44382720,HCP1076,PROD9,16,2025-05-03,South
S83214636,HCP1038,PROD6,34,2025-05-09,West
S78625248,HCP1067,PROD1,31,2025-05-19,West
S30309240,HCP1262,PROD4,36,2025-06-20,East
S97398481,HCP1219,PROD3,36,2025-02-25,South
S92401910,HCP1147,PROD2,48,2025-06-11,South
S21818972,HCP1292,PROD7,36,2025-04-28,West
S72867553,HCP1053,PROD10,23,2025-05-29,North
S29784307,HCP1289,PROD4,39,2025-06-06,South
S28306016,HCP1095,PROD1,46,2025-05-23,West
S65793874,HCP1183,PROD2,11,2025-05-27,East
S72975580,HCP1253,PROD4,22,2024-12-31,West
S42732120,HCP1146,PROD4,12,2025-01-01,North
S48529742,HCP1161,PROD2,10,2025-04-07,North
S85290194,HCP1102,PROD6,50,2025-05-26,South
S25183245,HCP1217,PROD7,7,2025-06-17,East
S7907143,HCP1034,PROD8,42,2025-06-07,South
S80936434,HCP1258,PROD1,48,2025-03-06,South
S50298819,HCP1134,PROD5,7,2025-01-10,East
S96251983,HCP1092,PROD5,18,2025-01-25,East
S95542777,HCP1050,PROD2,8,2025-04-11,South
S78329239,HCP1210,PROD1,20,2024-12-25,South
S42568121,HCP1163,PROD1,11,2025-01-15,North
S52928363,HCP1128,PROD2,47,2025-05-21,East
S52258269,HCP1279,PROD2,25,2025-05-25,East
S10887018,HCP1219,PROD3,49,2025-06-01,South
S98574197,HCP1203,PROD3,40,2024-12-25,North
S40967428,HCP1206,PROD1,19,2025-01-16,North
S23972803,HCP1248,PROD3,22,2025-06-14,South
S71408067,HCP1120,PROD1,43,2025-01-14,East
S31907641,HCP1043,PROD2,5,2025-01-22,East
S81559873,HCP1006,PROD5,13,2025-05-20,West
S62400344,HCP1240,PROD9,22,2025-04-20,South
S93952019,HCP1191,PROD6,9,2025-01-04,East
S97597151,HCP1131,PROD3,48,2025-01-23,West
S64369984,HCP1144,PROD1,15,2024-12-26,West
S58158487,HCP1243,PROD7,32,2025-04-28,North
S49408211,HCP1212,PROD10,43,2024-12-25,North
S20710095,HCP1279,PROD8,20,2025-02-11,South
S83249463,HCP1090,PROD1,37,2025-02-24,West
S88945939,HCP1096,PROD1,7,2025-05-07,West
S20034947,HCP1256,PROD9,32,2025-05-16,West
S84539654,HCP1169,PROD5,6,2025-04-08,South
S50722517,HCP1227,PROD6,18,2025-03-21,South
S46161694,HCP1125,PROD8,21,2025-03-01,West
S7989362,HCP1003,PROD10,3,2025-01-09,North
S39375442,HCP1140,PROD6,15,2025-04-30,North
S73185220,HCP1281,PROD5,6,2025-06-21,South
S103367,HCP1218,PROD2,42,2025-05-22,South
S81349869,HCP1033,PROD2,43,2025-06-21,East
S63959643,HCP1237,PROD5,7,2025-06-13,West
S93094949,HCP1109,PROD2,27,2025-03-01,South
S41173256,HCP1058,PROD9,2,2025-05-28,North
S44632127,HCP1170,PROD8,29,2025-01-06,South
S17153409,HCP1021,PROD2,33,2025-04-25,North
S74055662,HCP1156,PROD8,37,2025-03-22,West
S73477882,HCP1032,PROD6,13,2024-12-24,West
S1189762,HCP1264,PROD3,7,2025-03-08,South
S46669117,HCP1188,PROD1,36,2025-01-17,North
S7598997,HCP1190,PROD2,38,2024-12-31,West
S30964154,HCP1045,PROD4,26,2025-06-20,South
S21396252,HCP1234,PROD1,37,2025-01-01,South
S55050935,HCP1224,PROD9,8,2025-04-12,East
S17651105,HCP1251,PROD4,3,2025-02-23,North
S68290502,HCP1205,PROD2,36,2025-03-29,East
S70453314,HCP1113,PROD10,24,2025-01-11,North
S68352928,HCP1148,PROD1,28,2025-03-24,West
S86448483,HCP1243,PROD2,36,2025-01-29,West
S77458176,HCP1123,PROD5,37,2025-04-25,West
S92841412,HCP1096,PROD6,42,2025-01-31,West
S19060884,HCP1013,PROD8,11,2025-04-10,South
S28738070,HCP1058,PROD5,7,2025-04-10,East
S90896583,HCP1223,PROD9,49,2025-02-20,East
S32793483,HCP1147,PROD4,34,2025-06-22,West
S70520494,HCP1118,PROD4,21,2025-01-28,West
S88084922,HCP1189,PROD2,34,2025-01-17,North
S80692591,HCP1212,PROD8,41,2025-04-15,West
S82322833,HCP1008,PROD5,50,2025-06-15,North
S7606108,HCP1053,PROD5,50,2025-03-05,West
S84082913,HCP1005,PROD3,34,2025-01-17,North
S76330300,HCP1007,PROD10,5,2025-02-01,West
S60374447,HCP1179,PROD7,44,2025-04-22,South
S16250616,HCP1237,PROD2,18,2025-02-08,South
S16732135,HCP1074,PROD5,6,2025-05-31,North
S24847318,HCP1149,PROD8,8,2025-01-04,North
S11837479,HCP1032,PROD9,42,2025-03-01,North
S43819369,HCP1106,PROD10,8,2025-06-12,South
S9216674,HCP1005,PROD6,39,2025-04-02,East
S47881210,HCP1193,PROD6,21,2025-03-10,West
S74697566,HCP1271,PROD8,45,2025-05-18,East
S67495132,HCP1111,PROD10,4,2025-02-03,West
S32880491,HCP1198,PROD5,34,2024-12-27,West
S59158737,HCP1291,PROD5,37,2025-04-06,East
S89004974,HCP1162,PROD10,50,2025-05-21,South
S56489911,HCP1187,PROD2,4,2025-01-23,East
S67666118,HCP1171,PROD7,15,2025-05-13,North
S43766716,HCP1142,PROD7,48,2025-05-13,East
S49038367,HCP1114,PROD3,23,2025-06-03,North
S31626818,HCP1145,PROD2,19,2025-03-09,East
S78589634,HCP1135,PROD4,46,2025-06-07,North
S87850131,HCP1064,PROD4,48,2025-04-21,South
S55401793,HCP1036,PROD4,11,2025-05-21,South
S37251676,HCP1247,PROD8,24,2025-03-03,North
S56948274,HCP1156,PROD4,33,2025-01-07,East
S17932373,HCP1001,PROD3,33,2025-01-03,East
S2920162,HCP1261,PROD9,8,2025-01-11,West
S93149972,HCP1131,PROD4,22,2025-02-01,West
S62193279,HCP1078,PROD7,5,2025-01-01,North
S71965682,HCP1039,PROD1,25,2025-05-09,East
S70826595,HCP1131,PROD2,28,2025-06-01,East
S60579037,HCP1256,PROD10,4,2025-03-05,East
S88143780,HCP1038,PROD5,19,2025-01-06,North
S66682366,HCP1079,PROD4,29,2025-05-24,North
S38178963,HCP1242,PROD6,48,2025-03-30,East
S67523658,HCP1024,PROD10,49,2025-04-16,West
S21228341,HCP1033,PROD10,28,2025-03-23,East
S2812049,HCP1256,PROD9,31,2025-04-24,South
S80262758,HCP1225,PROD10,31,2025-02-25,East
S63816715,HCP1267,PROD7,3,2025-03-05,North
S63881138,HCP1079,PROD6,32,2025-04-03,North
S6408960,HCP1210,PROD7,28,2025-03-19,West
S45367726,HCP1122,PROD7,8,2025-02-09,South
S54798285,HCP1074,PROD5,15,2025-06-07,West
S23659443,HCP1035,PROD4,32,2025-05-07,West
S68333768,HCP1223,PROD7,38,2025-06-18,North
S74070805,HCP1253,PROD9,36,2025-05-29,South
S83286698,HCP1245,PROD2,48,2025-02-13,South
S30766550,HCP1027,PROD7,44,2025-03-07,East
S36314600,HCP1142,PROD4,30,2025-03-29,West
S5938057,HCP1138,PROD7,8,2025-06-06,East
S88438988,HCP1249,PROD1,33,2025-06-22,South
S24794234,HCP1075,PROD7,9,2025-03-10,South
S40210266,HCP1285,PROD7,38,2025-05-29,North
S85556596,HCP1211,PROD9,44,2025-03-14,West
S44612772,HCP1120,PROD7,36,2025-02-09,West
S43127297,HCP1091,PROD4,41,2024-12-31,West
S60565831,HCP1065,PROD3,29,2025-01-29,North
S47253354,HCP1200,PROD1,50,2025-02-02,South
S62424428,HCP1044,PROD1,43,2025-01-28,West
S9041322,HCP1088,PROD2,33,2025-05-02,West
S89945897,HCP1159,PROD5,12,2025-06-14,South
S29229172,HCP1193,PROD9,45,2025-06-10,South
S19421609,HCP1203,PROD9,30,2025-03-18,North
S74402739,HCP1078,PROD10,30,2025-03-28,West
S24866178,HCP1009,PROD1,22,2025-02-25,North
S85118105,HCP1209,PROD1,8,2025-02-20,East
S13401932,HCP1123,PROD4,6,2025-03-29,South
S66838747,HCP1129,PROD8,36,2025-06-15,South
S38573382,HCP1175,PROD3,48,2025-02-27,East
S56160554,HCP1081,PROD8,32,2025-06-01,West
S61163647,HCP1053,PROD10,28,2025-01-03,North
S63221530,HCP1286,PROD6,49,2025-06-19,East
S25956299,HCP1049,PROD2,47,2025-03-28,South
S56563072,HCP1105,PROD9,45,2025-02-26,South
S26091108,HCP1124,PROD1,50,2025-03-13,West
S99574930,HCP1115,PROD8,27,2025-01-21,East
S73275909,HCP1135,PROD8,37,2025-06-16,North
S48359069,HCP1015,PROD10,28,2025-02-15,North
S81565388,HCP1080,PROD9,41,2025-01-18,South
S52470400,HCP1159,PROD7,47,2025-05-11,South
S76310540,HCP1169,PROD4,16,2025-02-12,East
S94135158,HCP1200,PROD4,42,2024-12-23,West
S52881807,HCP1248,PROD4,42,2025-01-02,East
S24394163,HCP1110,PROD10,8,2025-05-19,South
S37221635,HCP1296,PROD8,35,2024-12-24,South
S11370049,HCP1197,PROD3,13,2025-06-11,West
S24762971,HCP1254,PROD1,35,2025-04-18,South
S70657929,HCP1077,PROD8,4,2025-04-01,East
S58975581,HCP1058,PROD2,28,2025-02-27,East
S43578524,HCP1265,PROD3,3,2025-03-14,South
S69283184,HCP1299,PROD8,46,2025-05-06,West
S54843635,HCP1193,PROD4,44,2025-05-02,North
S38723597,HCP1072,PROD3,20,2025-04-26,East
S19336705,HCP1155,PROD6,50,2025-01-01,North
S89033652,HCP1060,PROD3,2,2025-05-25,North
S53379329,HCP1001,PROD1,38,2025-04-27,North
S78767058,HCP1270,PROD2,39,2025-03-01,East
S97101141,HCP1062,PROD1,34,2025-06-03,North
S32290791,HCP1037,PROD7,9,2025-01-14,West
S64310117,HCP1103,PROD10,41,2025-04-19,North
S99543576,HCP1217,PROD6,41,2025-02-23,North
S59072812,HCP1295,PROD5,37,2025-01-07,North
S74905342,HCP1246,PROD5,49,2025-04-16,East
S7336589,HCP1036,PROD10,46,2025-04-24,South
S52623395,HCP1231,PROD8,50,2025-01-31,North
S18157909,HCP1075,PROD6,13,2024-12-23,West
S6924129,HCP1261,PROD2,28,2024-12-23,West
S76572829,HCP1190,PROD10,35,2025-02-26,South
S14106892,HCP1040,PROD10,42,2024-12-30,East
S16024071,HCP1016,PROD4,20,2025-02-11,West
S70398893,HCP1259,PROD4,20,2025-02-19,North
S10668556,HCP1131,PROD10,46,2025-03-12,South
S61130226,HCP1229,PROD1,18,2025-02-13,East
S44227222,HCP1180,PROD1,29,2025-04-18,West
S30627865,HCP1088,PROD6,40,2025-06-10,West
S52206129,HCP1060,PROD1,10,2025-01-13,North
S56348917,HCP1124,PROD1,19,2025-01-17,South
S68829626,HCP1273,PROD1,48,2025-03-18,North
S70932541,HCP1140,PROD3,30,2025-02-10,North
S12206090,HCP1260,PROD7,28,2025-02-24,South
S41392921,HCP1289,PROD5,6,2025-04-25,East
S20559012,HCP1223,PROD3,3,2025-04-21,North
S45273438,HCP1060,PROD4,44,2025-03-23,East
S51033934,HCP1184,PROD6,2,2025-04-28,South
S60268537,HCP1212,PROD3,3,2025-05-15,West
S53474425,HCP1281,PROD9,43,2025-01-05,South
S77497653,HCP1139,PROD4,4,2025-06-03,West
S41912041,HCP1083,PROD8,28,2025-06-14,North
S51165890,HCP1187,PROD9,33,2025-01-31,North
S97304632,HCP1099,PROD5,33,2025-06-15,West
S98359623,HCP1058,PROD1,40,2025-06-20,North
S83560736,HCP1004,PROD7,26,2025-02-28,South
S94303788,HCP1074,PROD9,30,2025-05-01,South
S95897355,HCP1213,PROD9,8,2025-06-07,East
S31146943,HCP1185,PROD2,45,2025-02-07,West
S85546364,HCP1013,PROD6,10,2025-01-15,East
S77717235,HCP1297,PROD10,44,2025-03-04,South
S17984812,HCP1269,PROD3,7,2025-05-02,West
S47320589,HCP1107,PROD7,35,2024-12-29,West
S9422835,HCP1104,PROD7,6,2025-04-14,East
S94177261,HCP1225,PROD8,1,2024-12-27,East
S86532457,HCP1272,PROD1,37,2025-02-25,North
S64106195,HCP1130,PROD1,13,2025-03-12,West
S91676614,HCP1192,PROD7,19,2024-12-30,South
S49032888,HCP1156,PROD2,32,2025-03-13,North
S3404483,HCP1006,PROD8,7,2025-04-28,West
S52243556,HCP1139,PROD9,38,2025-03-02,North
S92268418,HCP1250,PROD3,38,2025-03-03,West
S29896405,HCP1003,PROD9,1,2025-06-21,West
S30838658,HCP1114,PROD5,48,2025-06-20,North
S85976079,HCP1206,PROD9,30,2025-06-16,East
S974151,HCP1289,PROD2,36,2025-02-01,West
S94560101,HCP1291,PROD8,15,2025-01-30,West
S19600593,HCP1194,PROD1,17,2025-02-03,East
S43148995,HCP1205,PROD5,27,2025-05-18,East
S98857014,HCP1115,PROD9,4,2025-03-18,South
S96317990,HCP1204,PROD6,43,2025-04-04,South
S96785504,HCP1147,PROD4,3,2025-03-22,East
S25335922,HCP1199,PROD4,18,2025-05-22,North
S15195808,HCP1043,PROD5,13,2025-04-05,South
S6598449,HCP1181,PROD3,11,2025-02-21,South
S54033188,HCP1096,PROD3,20,2025-06-02,West
S83417090,HCP1195,PROD4,25,2025-04-29,West
S68413067,HCP1157,PROD3,25,2025-04-24,East
S35592974,HCP1025,PROD9,3,2025-05-15,South
S11615371,HCP1113,PROD7,38,2025-03-10,East
S48019856,HCP1119,PROD5,45,2025-06-05,East
S50305185,HCP1168,PROD8,14,2025-02-09,South
S24293158,HCP1218,PROD6,4,2025-03-28,North
S10192788,HCP1149,PROD6,10,2025-05-09,South
S25132247,HCP1101,PROD3,13,2025-01-19,South
S78321474,HCP1127,PROD10,47,2025-01-05,East
S41098236,HCP1283,PROD7,16,2025-04-23,South
S56286442,HCP1154,PROD6,50,2025-05-31,North
S41662798,HCP1038,PROD8,19,2025-04-27,East
S94922491,HCP1093,PROD3,33,2025-03-13,West
S30501390,HCP1172,PROD6,3,2025-01-07,South
S74157607,HCP1126,PROD10,39,2025-02-16,South
S36840514,HCP1060,PROD3,7,2025-05-27,West
S4752751,HCP1201,PROD3,12,2025-01-18,East
S82948835,HCP1134,PROD2,40,2025-02-02,East
S71336605,HCP1110,PROD5,12,2025-05-12,South
S16395038,HCP1031,PROD9,36,2025-02-08,West
S69318600,HCP1200,PROD10,23,2025-04-04,North
S62128143,HCP1068,PROD6,34,2025-05-05,East
S38567838,HCP1238,PROD3,25,2025-02-24,West
S19357511,HCP1142,PROD3,39,2025-05-09,West
S87083455,HCP1015,PROD2,27,2025-03-20,East
S9464650,HCP1074,PROD3,20,2025-03-21,North
S93865598,HCP1267,PROD8,23,2025-01-29,East
S40130440,HCP1061,PROD4,44,2025-02-03,North
S19207980,HCP1120,PROD3,39,2025-05-11,South
S69720251,HCP1055,PROD7,38,2025-04-02,West
S60602111,HCP1112,PROD2,10,2025-01-01,East
S41957991,HCP1067,PROD1,38,2025-04-18,East
S1497213,HCP1086,PROD10,23,2025-05-05,East
S24417813,HCP1162,PROD8,7,2025-03-14,South
S9582382,HCP1105,PROD7,47,2025-03-16,North
S96153881,HCP1194,PROD6,30,2025-03-11,West
S15957736,HCP1071,PROD10,43,2025-06-12,South
S74094926,HCP1019,PROD2,9,2025-03-12,South
S81963659,HCP1269,PROD3,9,2025-05-18,North
S85925531,HCP1042,PROD2,44,2025-04-26,East
S38826238,HCP1274,PROD2,7,2025-06-08,North
S64439577,HCP1081,PROD7,19,2025-05-14,East
S56389263,HCP1044,PROD3,20,2025-03-26,East
S10947607,HCP1281,PROD10,46,2025-01-03,North
S85542401,HCP1225,PROD3,4,2025-02-11,South
S68039804,HCP1003,PROD1,18,2025-05-02,North
S37619763,HCP1113,PROD8,30,2025-04-11,North
S32992881,HCP1180,PROD3,45,2025-01-14,South
S42274833,HCP1216,PROD6,35,2025-04-14,West
S71685595,HCP1190,PROD4,25,2025-05-30,North
S22370599,HCP1232,PROD3,11,2025-06-10,East
S73205217,HCP1127,PROD10,49,2025-04-13,South
S36525651,HCP1286,PROD2,30,2025-02-12,East
S43273069,HCP1267,PROD10,36,2025-03-07,South
S9057125,HCP1055,PROD4,7,2025-01-05,East
S75925581,HCP1041,PROD4,26,2025-03-24,South
S90091202,HCP1137,PROD10,30,2025-06-19,West
S27167428,HCP1091,PROD6,38,2025-03-13,West
S79621721,HCP1285,PROD4,24,2025-06-03,North
S61165827,HCP1126,PROD3,18,2025-03-20,South
S56578741,HCP1050,PROD10,22,2025-06-05,East
S92568890,HCP1098,PROD8,42,2025-01-05,North
S33263971,HCP1150,PROD6,16,2025-04-04,West
S91100905,HCP1278,PROD9,6,2025-04-14,East
S74703901,HCP1048,PROD3,17,2025-01-03,South
S78150750,HCP1175,PROD6,13,2025-05-28,West
S83409548,HCP1057,PROD10,38,2025-01-13,East
S23312629,HCP1127,PROD8,38,2025-02-24,West
S28303487,HCP1142,PROD3,24,2025-06-01,West
S88079457,HCP1188,PROD4,40,2025-04-15,South
S29799085,HCP1023,PROD6,12,2025-04-06,South
S75263172,HCP1160,PROD9,8,2025-03-10,South
S83691862,HCP1087,PROD7,16,2025-02-05,East
S70007618,HCP1275,PROD8,7,2025-03-02,West
S49967086,HCP1191,PROD8,48,2025-05-08,South
S56923332,HCP1281,PROD7,12,2025-01-24,West
S51783644,HCP1003,PROD10,32,2025-01-25,West
S97218373,HCP1284,PROD7,1,2025-01-13,West
S99408253,HCP1091,PROD5,35,2025-03-02,South
S83582670,HCP1257,PROD1,7,2025-06-18,East
S12334230,HCP1128,PROD1,13,2025-01-01,South
S27006287,HCP1269,PROD7,30,2025-06-19,North
S75678660,HCP1188,PROD6,6,2025-04-29,South
S22644342,HCP1015,PROD4,33,2025-04-30,East
S63924264,HCP1043,PROD6,14,2025-04-01,East
S2069305,HCP1233,PROD3,2,2025-02-27,West
S53827248,HCP1241,PROD5,16,2025-03-19,South
S86252934,HCP1038,PROD9,22,2025-06-11,South
S87388780,HCP1102,PROD1,15,2025-03-21,East
S99941445,HCP1136,PROD10,44,2025-03-03,West
S4727537,HCP1093,PROD7,23,2025-03-23,South
S87706560,HCP1142,PROD9,46,2025-03-06,South
S79278935,HCP1164,PROD1,6,2024-12-22,East
S49950935,HCP1046,PROD2,4,2025-02-02,East
S14235679,HCP1268,PROD10,26,2025-02-18,West
S88951206,HCP1063,PROD7,35,2025-05-05,North
S78741496,HCP1161,PROD9,39,2025-02-22,North
S71694824,HCP1295,PROD2,21,2025-05-25,West
S43805484,HCP1169,PROD2,12,2025-05-23,South
S19154752,HCP1065,PROD7,14,2024-12-22,East
S53052118,HCP1197,PROD2,45,2025-05-22,North
S21284376,HCP1060,PROD4,13,2025-05-23,North
S67011445,HCP1047,PROD2,15,2025-05-20,West
S1078101,HCP1251,PROD9,26,2025-03-06,South
S34971327,HCP1117,PROD1,13,2025-03-15,East
S25593137,HCP1267,PROD8,26,2025-05-18,South
S74822429,HCP1264,PROD8,45,2025-03-07,South
S27197203,HCP1002,PROD8,2,2025-04-21,West
S97294060,HCP1026,PROD2,46,2025-03-04,North
S68512711,HCP1122,PROD3,32,2025-01-03,West
S71215059,HCP1112,PROD3,45,2025-04-14,South
S62710054,HCP1080,PROD2,21,2025-03-13,East
S35186382,HCP1033,PROD1,14,2025-03-11,North
S51726191,HCP1048,PROD1,8,2025-04-06,East
S30060374,HCP1059,PROD5,29,2025-02-10,North
S5611127,HCP1228,PROD9,21,2025-01-15,South
S10667846,HCP1273,PROD2,2,2025-01-15,West
S36471814,HCP1115,PROD5,26,2025-04-19,East
S23070807,HCP1165,PROD7,46,2025-01-10,East
S74267406,HCP1085,PROD6,34,2025-05-21,East
S77097196,HCP1172,PROD10,46,2024-12-29,West
S50040847,HCP1257,PROD4,24,2025-04-11,North
S33612357,HCP1232,PROD6,12,2025-04-02,South
S95492997,HCP1004,PROD10,21,2025-05-06,West
S81201892,HCP1080,PROD2,39,2025-05-11,West
S81045965,HCP1275,PROD7,10,2025-01-01,East
S29459410,HCP1246,PROD8,27,2025-01-12,East
S61664113,HCP1253,PROD7,6,2025-01-19,South
S17854007,HCP1198,PROD1,50,2025-03-28,South
S20319621,HCP1275,PROD8,4,2025-05-27,East
S23598442,HCP1190,PROD6,35,2024-12-27,North
S99803184,HCP1112,PROD10,21,2025-01-18,North
S32962420,HCP1208,PROD4,7,2025-03-02,West
S15272083,HCP1013,PROD2,3,2025-06-15,West
S89592290,HCP1059,PROD3,43,2025-02-02,South
S24033907,HCP1282,PROD3,22,2025-04-10,West
S81126754,HCP1144,PROD8,28,2025-06-12,East
S23093031,HCP1217,PROD4,23,2025-05-18,South
S42122956,HCP1203,PROD2,12,2025-06-03,North
S46502479,HCP1121,PROD5,14,2025-05-25,East
S90683791,HCP1165,PROD2,34,2025-06-03,East
S39996557,HCP1256,PROD4,13,2025-05-13,North
S45292516,HCP1241,PROD3,24,2025-03-02,North
S79842731,HCP1273,PROD10,25,2025-04-01,West
S8099695,HCP1193,PROD7,45,2025-01-21,North
S25896927,HCP1009,PROD7,39,2025-04-02,West
S38926137,HCP1141,PROD10,36,2025-04-28,North
S16304694,HCP1206,PROD2,4,2025-04-19,West
S1173498,HCP1226,PROD6,14,2025-04-08,East
S26464181,HCP1149,PROD5,32,2025-05-13,South
S36832430,HCP1255,PROD9,39,2025-01-02,North
S55957523,HCP1020,PROD10,28,2025-02-13,North
S32109124,HCP1065,PROD1,37,2025-01-14,South
S17295528,HCP1107,PROD8,10,2025-04-23,North
S53797816,HCP1197,PROD8,15,2025-04-26,West
S18018425,HCP1135,PROD4,50,2025-01-16,West
S64128162,HCP1132,PROD4,43,2025-05-02,West
S42807926,HCP1270,PROD5,15,2025-04-26,East
S661931,HCP1142,PROD4,26,2025-02-24,South
S16538341,HCP1116,PROD1,25,2025-04-03,West
S51616569,HCP1157,PROD4,43,2025-03-01,West
S7874470,HCP1042,PROD10,37,2025-01-18,East
S39352031,HCP1037,PROD1,9,2025-04-09,East
S70555018,HCP1259,PROD5,15,2025-03-29,South
S13371634,HCP1238,PROD7,31,2024-12-23,South
S59940641,HCP1195,PROD1,44,2025-06-22,East
S25994226,HCP1151,PROD4,20,2025-01-14,West
S88247794,HCP1200,PROD5,7,2025-01-28,West
S95980206,HCP1254,PROD3,27,2025-04-27,North
S66282284,HCP1153,PROD7,41,2025-03-24,North
S40642690,HCP1291,PROD8,29,2025-05-15,South
S25173680,HCP1142,PROD2,49,2025-02-04,East
S10331600,HCP1249,PROD2,47,2025-03-04,South
S28596717,HCP1249,PROD5,30,2025-05-09,West
S57012779,HCP1272,PROD5,13,2025-03-26,South
S62198464,HCP1292,PROD9,31,2025-06-04,West
S32358968,HCP1288,PROD9,4,2025-03-16,South
S55799060,HCP1111,PROD8,24,2025-04-03,North
S53656375,HCP1022,PROD9,39,2025-01-17,North
S57044607,HCP1073,PROD2,22,2025-02-16,North
S22683608,HCP1034,PROD9,7,2025-06-18,North
S8506778,HCP1220,PROD9,7,2025-02-16,South
S19431152,HCP1028,PROD3,40,2025-04-29,South
S13603010,HCP1101,PROD9,12,2025-01-01,West
S15742711,HCP1142,PROD10,49,2025-03-11,North
S65971801,HCP1115,PROD9,43,2025-04-06,South
S92623074,HCP1279,PROD5,47,2025-06-13,North
S11101512,HCP1220,PROD6,13,2025-05-16,East
S89638705,HCP1007,PROD9,18,2025-01-18,South
S60361029,HCP1256,PROD3,32,2025-03-20,East
S99451022,HCP1294,PROD2,29,2025-05-25,South
S68189542,HCP1141,PROD1,4,2025-02-20,West
S8706923,HCP1228,PROD1,49,2025-02-07,East
S25818185,HCP1289,PROD4,7,2025-01-25,North
S14591521,HCP1015,PROD2,41,2024-12-30,South
S19093819,HCP1157,PROD7,44,2025-04-01,East
S33075684,HCP1039,PROD7,8,2025-06-15,North
S91956388,HCP1042,PROD4,16,2025-01-15,South
S86807323,HCP1080,PROD6,8,2025-04-30,South
S7017995,HCP1013,PROD1,23,2025-03-01,North
S62958218,HCP1055,PROD8,47,2025-01-17,East
S27086749,HCP1036,PROD8,26,2025-03-26,North
S37503249,HCP1058,PROD4,38,2025-01-26,East
S46390856,HCP1039,PROD10,18,2025-01-06,South
S64948334,HCP1027,PROD7,46,2025-02-18,West
S14581792,HCP1174,PROD7,29,2025-03-15,West
S41819469,HCP1281,PROD3,37,2025-06-20,South
S81537019,HCP1067,PROD2,10,2025-01-01,North
S14425863,HCP1120,PROD3,27,2025-01-21,North
S65985041,HCP1113,PROD2,23,2025-01-01,West
S58069824,HCP1058,PROD1,8,2025-05-12,East
S65115909,HCP1161,PROD8,45,2025-03-24,North
S61614047,HCP1288,PROD10,16,2025-03-12,South
S85630454,HCP1010,PROD1,21,2025-05-07,North
S94530929,HCP1014,PROD2,29,2025-05-09,West
S44856031,HCP1255,PROD9,19,2025-01-13,South
S95643771,HCP1179,PROD1,49,2025-03-12,South
S62990828,HCP1028,PROD10,39,2025-05-30,East
S34021093,HCP1296,PROD2,30,2025-06-18,East
S35117809,HCP1278,PROD5,36,2025-05-09,East
S46723673,HCP1233,PROD1,21,2025-01-20,North
S62075627,HCP1001,PROD10,4,2025-04-23,South
S23717225,HCP1118,PROD7,33,2025-01-20,South
S24358783,HCP1116,PROD10,47,2025-02-17,South
S51041747,HCP1219,PROD2,10,2025-05-31,North
S41699880,HCP1132,PROD5,1,2025-02-05,North
S26673896,HCP1094,PROD5,49,2025-05-07,South
S22571934,HCP1078,PROD2,26,2025-01-18,North
S79773523,HCP1240,PROD10,25,2025-01-09,West
S55158178,HCP1110,PROD8,38,2024-12-29,South
S81924235,HCP1295,PROD1,8,2025-01-18,West
S86112423,HCP1037,PROD7,49,2025-04-14,East
S96998953,HCP1058,PROD2,12,2025-05-27,West
S75966946,HCP1179,PROD2,27,2025-03-08,East
S25624054,HCP1256,PROD1,9,2025-05-26,West
S88508726,HCP1166,PROD1,31,2025-05-06,West
S63522924,HCP1223,PROD7,9,2025-02-15,West
S11387301,HCP1109,PROD9,50,2025-04-07,West
S78565775,HCP1023,PROD3,29,2025-03-02,North
S57966500,HCP1198,PROD2,14,2025-04-18,North
S16129938,HCP1023,PROD3,36,2025-03-23,West
S91728538,HCP1121,PROD1,23,2025-01-02,East
S87659834,HCP1271,PROD8,37,2025-04-05,West
S12927011,HCP1093,PROD6,26,2025-05-08,East
S44857424,HCP1018,PROD10,26,2025-02-17,South
S36289,HCP1255,PROD5,48,2025-02-23,East
S89104490,HCP1137,PROD7,33,2025-01-21,South
S68211171,HCP1166,PROD4,24,2025-01-07,East
S72953631,HCP1120,PROD9,7,2025-02-14,East
S27636650,HCP1208,PROD9,38,2025-04-05,North
S11645775,HCP1152,PROD4,47,2025-04-22,East
S34087233,HCP1152,PROD3,8,2025-05-21,West
S11714617,HCP1015,PROD5,43,2025-02-04,West
S13953595,HCP1010,PROD7,9,2025-02-14,West
S12110014,HCP1068,PROD6,19,2024-12-31,West
S96992172,HCP1098,PROD4,15,2025-04-13,North
S1786150,HCP1227,PROD3,19,2025-01-24,East
S78776990,HCP1140,PROD9,14,2025-02-18,North
S93291665,HCP1048,PROD5,19,2024-12-29,South
S67500768,HCP1054,PROD7,28,2025-01-26,East
S46252562,HCP1051,PROD4,50,2025-01-04,South
S77110879,HCP1218,PROD3,50,2025-03-01,West
S81939302,HCP1207,PROD2,30,2025-05-25,East
S50276716,HCP1127,PROD2,24,2025-03-13,North
S86399318,HCP1246,PROD8,45,2025-05-08,East
S92068353,HCP1062,PROD6,35,2025-02-15,East
S34937232,HCP1227,PROD4,31,2025-03-21,West
S687915,HCP1141,PROD7,25,2025-05-13,East
S7554342,HCP1176,PROD10,49,2025-03-18,East
S30912814,HCP1052,PROD5,10,2025-02-26,West
S1553182,HCP1076,PROD4,7,2025-03-22,East
S44310864,HCP1272,PROD3,27,2025-03-03,West
S20936400,HCP1234,PROD3,38,2025-06-09,South
S73081628,HCP1032,PROD5,32,2025-03-05,West
S2651162,HCP1064,PROD9,46,2025-03-28,West
S3644685,HCP1224,PROD4,48,2025-06-05,East
S31132268,HCP1089,PROD8,49,2025-05-22,North
S80904081,HCP1232,PROD3,16,2025-03-30,West
S30746481,HCP1070,PROD4,45,2025-03-06,South
S5782918,HCP1098,PROD7,12,2025-01-15,West
S9649598,HCP1176,PROD1,28,2025-01-11,South
S24339809,HCP1112,PROD3,35,2025-05-31,East
S68388265,HCP1181,PROD5,1,2025-06-07,South
S33687138,HCP1140,PROD7,49,2025-05-23,West
S26510302,HCP1008,PROD4,7,2025-01-23,East
S29949245,HCP1291,PROD10,32,2025-01-17,East
S60692966,HCP1115,PROD10,30,2024-12-29,East
S89976150,HCP1249,PROD6,24,2025-05-23,East
S34518131,HCP1268,PROD1,25,2025-06-13,West
S52995502,HCP1023,PROD4,46,2025-02-26,South
S99183459,HCP1198,PROD2,25,2025-03-30,East
S83044096,HCP1028,PROD9,18,2025-03-22,North
S11656884,HCP1265,PROD4,38,2025-02-12,East
S85291036,HCP1268,PROD7,49,2025-03-03,West
S1948787,HCP1145,PROD8,2,2025-06-14,West
S92702899,HCP1130,PROD1,18,2025-06-15,South
S94166378,HCP1274,PROD9,13,2025-02-13,South
S92372678,HCP1181,PROD7,49,2025-02-10,North
S35034532,HCP1010,PROD1,13,2025-01-23,South
S32060251,HCP1290,PROD2,38,2025-02-15,South
S29916552,HCP1218,PROD8,40,2025-05-17,West
S35782324,HCP1040,PROD10,24,2025-06-17,South
S22889801,HCP1034,PROD4,15,2025-03-02,South
S7721457,HCP1197,PROD4,9,2025-01-09,North
S94833597,HCP1131,PROD1,13,2025-05-30,West
S91233010,HCP1136,PROD6,43,2025-04-28,West
S25797297,HCP1257,PROD8,46,2025-03-30,North
S42085902,HCP1007,PROD1,44,2025-02-06,East
S37272690,HCP1046,PROD9,34,2025-05-26,West
S86216464,HCP1059,PROD8,8,2025-01-26,West
S5811858,HCP1016,PROD3,17,2025-06-07,West
S37451199,HCP1197,PROD6,40,2025-06-02,South
S24702006,HCP1059,PROD7,5,2025-06-15,South
S24776894,HCP1155,PROD8,32,2025-02-11,North
S6200690,HCP1297,PROD1,37,2025-05-04,South
S85785094,HCP1250,PROD9,16,2025-01-26,West
S10429871,HCP1240,PROD9,37,2025-04-06,West
S59229157,HCP1185,PROD6,42,2025-06-14,East
S79763852,HCP1064,PROD10,21,2025-03-27,South
S97870935,HCP1273,PROD7,33,2025-02-15,East
S85341015,HCP1187,PROD1,10,2025-06-07,North
S32296182,HCP1169,PROD10,26,2025-05-08,North
S36482372,HCP1180,PROD5,14,2025-03-12,South
S85688023,HCP1228,PROD3,9,2025-05-30,North
S6007637,HCP1129,PROD2,40,2025-02-09,West
S19005705,HCP1281,PROD7,5,2025-03-29,East
S27501318,HCP1108,PROD6,25,2025-04-12,North
S70787039,HCP1195,PROD1,5,2025-03-01,South
S87428490,HCP1070,PROD5,3,2025-04-25,West
S79863428,HCP1058,PROD9,5,2025-04-01,North
S12889491,HCP1275,PROD9,16,2025-05-22,West
S19039216,HCP1158,PROD2,29,2025-04-29,North
S79665575,HCP1222,PROD10,41,2025-03-06,West
S13878712,HCP1243,PROD2,48,2025-05-22,East
S12012803,HCP1217,PROD2,5,2025-05-19,North
S72667163,HCP1256,PROD2,49,2025-01-22,West
S4307466,HCP1255,PROD5,45,2025-03-20,West
S37293024,HCP1088,PROD9,48,2025-03-10,West
S14663635,HCP1069,PROD6,16,2025-06-15,West
S86860471,HCP1044,PROD6,30,2025-04-17,South
S47807275,HCP1044,PROD7,19,2025-03-22,South
S50061017,HCP1127,PROD5,26,2024-12-23,East
S94258663,HCP1195,PROD1,49,2025-06-20,West
S89212963,HCP1107,PROD8,35,2025-06-05,West
S20772802,HCP1013,PROD8,9,2025-03-13,North
S14521270,HCP1084,PROD8,15,2025-02-22,West
S10390347,HCP1082,PROD2,9,2025-02-14,East
S76923343,HCP1159,PROD8,18,2025-05-03,East
S35497766,HCP1117,PROD4,24,2025-04-27,East
S24505035,HCP1006,PROD4,36,2025-06-10,South
S27010575,HCP1209,PROD3,46,2025-05-23,South
S31502777,HCP1140,PROD8,25,2025-06-01,North
S51977696,HCP1045,PROD2,38,2025-03-13,East
S62489561,HCP1198,PROD7,6,2025-01-28,West
S33195030,HCP1029,PROD10,19,2025-03-27,West
S4999499,HCP1283,PROD3,7,2025-03-16,West
S55781442,HCP1182,PROD8,8,2025-06-09,South
S22976065,HCP1283,PROD3,29,2025-05-31,South
S66084394,HCP1149,PROD6,45,2025-05-06,West
S23709557,HCP1160,PROD7,15,2025-02-01,West
S28008871,HCP1123,PROD1,34,2025-02-01,North
S44151523,HCP1076,PROD1,24,2025-03-15,West
S4089121,HCP1127,PROD8,37,2024-12-24,North
S1846945,HCP1062,PROD9,9,2025-05-30,North
S94710230,HCP1264,PROD3,32,2025-02-21,West
S28254827,HCP1178,PROD6,50,2025-04-22,North
S70289359,HCP1241,PROD1,36,2025-01-30,East
S84897048,HCP1003,PROD10,24,2025-05-31,West
S17760745,HCP1185,PROD1,20,2025-05-27,East
S44065383,HCP1238,PROD10,43,2025-05-31,North
S59280788,HCP1044,PROD6,11,2025-04-13,South
S83065801,HCP1175,PROD5,39,2025-02-24,West
S95285290,HCP1069,PROD6,38,2025-04-28,East
S1572146,HCP1136,PROD5,7,2025-03-28,East
S35010600,HCP1012,PROD5,40,2025-03-26,East
S40253286,HCP1043,PROD2,19,2025-01-24,West
S60282401,HCP1261,PROD2,4,2025-03-20,West
S681410,HCP1078,PROD1,41,2025-05-17,West
S28693739,HCP1214,PROD9,7,2025-04-19,South
S64505299,HCP1292,PROD10,21,2025-02-14,West
S69385875,HCP1025,PROD10,33,2025-01-31,East
S96150628,HCP1236,PROD5,42,2025-06-13,South
S1977777,HCP1067,PROD7,17,2025-01-05,South
S43131270,HCP1026,PROD6,28,2025-01-12,West
S33497769,HCP1202,PROD7,12,2025-06-09,North
S78403872,HCP1027,PROD6,23,2025-03-28,West
S33409469,HCP1184,PROD3,17,2025-01-29,West
S94928826,HCP1219,PROD1,25,2025-05-24,South
S41204376,HCP1216,PROD2,26,2025-03-11,West
S24910825,HCP1065,PROD6,27,2025-03-08,West
S51501341,HCP1214,PROD7,14,2025-01-17,North
S84103387,HCP1079,PROD4,10,2025-04-13,West
S63956946,HCP1063,PROD3,4,2025-05-04,North
S57585562,HCP1248,PROD9,11,2025-05-21,East
S87298589,HCP1081,PROD9,37,2025-04-12,North
S91470204,HCP1025,PROD9,42,2025-01-25,East
S31432511,HCP1249,PROD8,16,2025-03-31,North
S80947036,HCP1058,PROD1,7,2025-03-16,South
S48136759,HCP1071,PROD4,29,2025-03-31,West
S54653035,HCP1143,PROD10,39,2025-02-13,North
S54187555,HCP1210,PROD3,40,2025-06-07,East
S19207802,HCP1047,PROD1,13,2025-06-09,East
S60045517,HCP1184,PROD3,10,2025-03-13,South
S73720670,HCP1157,PROD1,2,2025-05-30,North
S84628216,HCP1050,PROD1,41,2025-02-22,East
S36778373,HCP1029,PROD3,38,2025-05-03,North
S74939367,HCP1196,PROD6,48,2025-03-02,West
S36844628,HCP1024,PROD5,44,2025-04-18,West
S18276753,HCP1011,PROD10,39,2025-04-05,East
S87346062,HCP1015,PROD7,28,2025-03-01,East
S36630078,HCP1288,PROD1,11,2025-01-27,North
S2165751,HCP1150,PROD1,19,2025-06-12,West
S13177890,HCP1282,PROD7,8,2025-04-24,East
S67497538,HCP1150,PROD5,5,2025-02-14,South
S47971966,HCP1107,PROD9,43,2025-03-06,South
S61273963,HCP1066,PROD9,3,2025-05-18,South
S47487256,HCP1169,PROD9,33,2025-06-03,East
S75610178,HCP1082,PROD1,17,2025-03-08,South
S26072625,HCP1099,PROD1,24,2025-01-29,South
S94608596,HCP1284,PROD9,21,2025-01-11,North
S70959379,HCP1254,PROD4,35,2025-02-17,South
S54089247,HCP1210,PROD4,26,2025-05-12,West
S95732314,HCP1294,PROD1,50,2025-05-26,South
S48757950,HCP1262,PROD3,50,2025-03-23,South
S63537400,HCP1161,PROD8,21,2025-04-22,South
S64650990,HCP1251,PROD9,23,2024-12-31,North
S26849861,HCP1121,PROD4,27,2025-01-19,North
S728959,HCP1089,PROD2,21,2025-03-23,North
